{"type":"FeatureCollection","features":[{"type":"Feature","properties":{"id":"nu"},"geometry":{"type":"Polygon","coordinates":[[[-120.6828104,68.0002875],[-119.7123158,67.7502963],[-118.5373692,67.4322038],[-117.4986186,67.1365054],[-116.4971433,66.8378442],[-115.4939499,66.5246733],[-114.5415162,66.213771],[-113.5131772,65.8625195],[-112.5012946,65.5003203],[-110.6678591,65.5003267],[-110.0219717,65.183061],[-109.3344286,64.8336372],[-107.2374929,64.7017515],[-105,64.5264798],[-103.5826465,64.3965271],[-102.0006191,64.2336722],[-102.0075681,59.9994439],[-94.8261809,59.9994213],[-94.8334968,59.9758544],[-94.8495773,59.9711482],[-94.8512743,59.9630319],[-94.82875,59.949],[-94.83625,59.94],[-94.81975,59.9395],[-94.83025,59.9345],[-94.822,59.9295],[-94.8315,59.92875],[-94.82275,59.92325],[-94.825,59.91425],[-94.81,59.907],[-94.828,59.9],[-94.807,59.89],[-94.8223219,59.8877691],[-94.82175,59.8785],[-94.80175,59.86775],[-94.81425,59.8645],[-94.8017532,59.8628308],[-94.7975,59.85375],[-94.802,59.83425],[-94.7945,59.83075],[-94.8005,59.825],[-94.7915,59.81],[-94.79775,59.8125],[-94.80675,59.8055],[-94.79025,59.80875],[-94.78975,59.7975],[-94.77125,59.7905],[-94.773,59.7815],[-94.7460723,59.7777551],[-94.76675,59.7765],[-94.76425,59.7715],[-94.74225,59.76325],[-94.77975,59.7675],[-94.8,59.74725],[-94.7909091,59.7407394],[-94.8085,59.73625],[-94.8045,59.728],[-94.7895,59.72725],[-94.8125,59.71725],[-94.79875,59.71525],[-94.8075,59.707],[-94.7945,59.7015],[-94.80725,59.68975],[-94.7885,59.68075],[-94.80475,59.68675],[-94.81425,59.67475],[-94.80275,59.67225],[-94.8075,59.678],[-94.79825,59.67875],[-94.78825,59.67275],[-94.79175,59.67225],[-94.79275,59.66975],[-94.78375,59.672],[-94.76025,59.657],[-94.8115,59.66475],[-94.81575,59.66],[-94.80725,59.6575],[-94.822,59.646],[-94.80175,59.6445],[-94.81775,59.63025],[-94.808,59.6265],[-94.81475,59.6205],[-94.80225,59.62275],[-94.80225,59.6175],[-94.81625,59.60375],[-94.8365,59.6035],[-94.7935,59.58425],[-94.78525,59.589],[-94.793,59.581],[-94.77575,59.582],[-94.7945,59.57675],[-94.77825,59.57975],[-94.76325,59.565],[-94.77575,59.55275],[-94.769,59.55125],[-94.802,59.549],[-94.79525,59.5425],[-94.7855,59.54625],[-94.801,59.53825],[-94.78375,59.5365],[-94.79375,59.53175],[-94.79475,59.50975],[-94.76975,59.5005],[-94.774,59.49525],[-94.76175,59.48975],[-94.7635,59.47525],[-94.7505,59.469],[-94.7335,59.4415],[-94.744,59.42675],[-94.72975,59.4135],[-94.7331372,59.4082075],[-94.72125,59.396],[-94.72575,59.392],[-94.7093933,59.386741],[-94.7181147,59.3769433],[-94.704,59.36925],[-94.7128777,59.3686204],[-94.71075,59.35025],[-94.72675,59.3415],[-94.7085,59.343],[-94.69625,59.35],[-94.699,59.35575],[-94.6715242,59.3518197],[-94.687,59.361],[-94.6618811,59.351329],[-94.69775,59.343],[-94.70825,59.3215],[-94.7595,59.33675],[-94.77625,59.3345],[-94.7775,59.3385],[-94.793,59.34475],[-94.774,59.32925],[-94.78175,59.32325],[-94.79375,59.3325],[-94.791,59.3225],[-94.77175,59.322],[-94.76575,59.33425],[-94.7591552,59.3144774],[-94.7374561,59.3122626],[-94.75825,59.29725],[-94.7555,59.28725],[-94.76625,59.288],[-94.785,59.26975],[-94.78375,59.26075],[-94.77275,59.2575],[-94.7925,59.2365],[-94.7825,59.22675],[-94.7905,59.22375],[-94.766,59.2125],[-94.785,59.20175],[-94.77925,59.199],[-94.79175,59.1825],[-94.77325,59.15425],[-94.781,59.15125],[-94.77275,59.1495],[-94.7835,59.136],[-94.76825,59.131],[-94.78175,59.132],[-94.788,59.112],[-94.80225,59.1045],[-94.79325,59.1045],[-94.79125,59.10375],[-94.79975,59.096],[-94.7935,59.0805],[-94.856,59.079],[-94.857,59.06825],[-94.82375,59.06],[-94.80825,59.0655],[-94.7983229,59.0624705],[-94.80075,59.057],[-94.78975,59.061],[-94.78375,59.05675],[-94.7885,59.05625],[-94.78975,59.05525],[-94.7775,59.0545],[-94.7905,59.05025],[-94.78325,59.05],[-94.78725,59.04475],[-94.773,59.02725],[-94.78625,59.01675],[-94.7603101,59.0155299],[-94.76113,59.02515],[-94.74493,59.02383],[-94.75059,59.01326],[-94.72511,59.00003],[-94.7071701,58.9682701],[-94.69191,58.9602799],[-94.67666,58.96278],[-94.69113,58.95465],[-94.684,58.95065],[-94.68875,58.9464899],[-94.66676,58.94242],[-94.66857,58.9388199],[-94.6715801,58.93967],[-94.67964,58.9322699],[-94.66756,58.9385801],[-94.65934,58.9322799],[-94.6651599,58.9401401],[-94.6574,58.94331],[-94.6705801,58.9498001],[-94.6564899,58.9556099],[-94.62141,58.9471],[-94.6273164,58.9391845],[-94.6186806,58.9407718],[-94.6173688,58.9495365],[-94.60249,58.93965],[-94.6002378,58.9287167],[-94.6095501,58.92651],[-94.59853,58.91308],[-94.60192,58.9005],[-94.6145423,58.896931],[-94.60951,58.89361],[-94.62287,58.89383],[-94.6471803,58.8900491],[-94.60849,58.8929901],[-94.58552,58.89916],[-94.58908,58.89054],[-94.6166661,58.887572],[-94.60571,58.8861101],[-94.59062,58.8594201],[-94.56512,58.84182],[-94.51146,58.8229899],[-94.5061701,58.80923],[-94.5161105,58.8054962],[-94.4836433,58.7848384],[-94.4746668,58.754068],[-94.4791925,58.7461118],[-94.4737609,58.7418749],[-94.4788441,58.7434549],[-94.4627282,58.7298868],[-94.4654557,58.724588],[-94.4449603,58.7173328],[-94.4455575,58.7113056],[-94.4320032,58.71223],[-94.4381305,58.7103866],[-94.4279115,58.7028988],[-94.3680647,58.7029913],[-94.341173,58.7109167],[-94.3021204,58.7401588],[-94.2852039,58.7629467],[-94.2863775,58.7751711],[-94.2680227,58.7797932],[-94.2609428,58.7914522],[-94.2192373,58.7942643],[-94.209941,58.8100563],[-94.2022982,58.7894615],[-94.1663216,58.7728175],[-94.0794422,58.7629386],[-93.9739219,58.7708401],[-93.9088755,58.7663862],[-93.8950375,58.7645377],[-93.8971063,58.7557405],[-93.8896868,58.7515607],[-93.8756506,58.7536641],[-93.8696701,58.7671648],[-93.8566702,58.7708988],[-93.8418176,58.7721886],[-93.8473446,58.7644115],[-93.8382401,58.7633479],[-93.8232049,58.7793057],[-93.8303626,58.792322],[-93.8289222,58.7993724],[-93.8131215,58.7693132],[-93.7907307,58.7708463],[-93.7756915,58.7818832],[-93.7784854,58.7721357],[-93.7440634,58.770561],[-93.7421378,58.777301],[-93.7557992,58.7950827],[-93.7543973,58.8006849],[-93.7492089,58.7931619],[-93.7163181,58.789142],[-93.6407469,58.7882069],[-93.6162083,58.7709442],[-93.5927228,58.765807],[-93.5294468,58.767452],[-93.5359154,58.7809394],[-93.4667601,58.7629101],[-93.4556799,58.7460499],[-93.46608,58.7497299],[-93.4590199,58.7373401],[-93.4702399,58.7418199],[-93.4747899,58.73831],[-93.45739,58.72532],[-93.4258601,58.72286],[-93.41636,58.71061],[-93.41601,58.7223799],[-93.3553801,58.76045],[-93.3286858,58.763744],[-93.3370328,58.7589534],[-93.30351,58.7447099],[-93.27214,58.76308],[-93.2646699,58.7524801],[-93.2352805,58.7546463],[-93.2475329,58.7669151],[-93.2580578,58.7640778],[-93.2553434,58.7737348],[-93.22601,58.7917101],[-93.24781,58.7709401],[-93.2110069,58.7631578],[-93.1667447,58.7249717],[-93.1746733,58.7105818],[-93.144536,58.6868085],[-93.1535912,58.6576899],[-93.1475401,58.625542],[-93.1285501,58.600889],[-93.1358349,58.598804],[-93.1321013,58.5776841],[-93.1401587,58.5714917],[-93.1269944,58.5528294],[-93.1344295,58.5537698],[-93.13243,58.5599399],[-93.1364197,58.5558995],[-93.1318546,58.5344765],[-93.1067701,58.4988999],[-93.10572,58.4757601],[-93.0537513,58.4119417],[-93.0548751,58.3876214],[-93.0372045,58.3656235],[-93.0446519,58.3653729],[-93.0315828,58.344827],[-93.0111551,58.3267764],[-92.968626,58.3091056],[-92.9776812,58.2959932],[-92.9720163,58.308294],[-92.9812646,58.3060901],[-92.9787541,58.2795762],[-92.9277277,58.2187428],[-92.93953,58.2218499],[-92.9150248,58.2037541],[-92.92887,58.21314],[-92.9192,58.2004701],[-92.9414899,58.2082899],[-92.9032399,58.18343],[-92.8981912,58.1879957],[-92.8937924,58.1822039],[-92.9012811,58.1816666],[-92.8839701,58.15065],[-92.8466585,58.1333069],[-92.848906,58.1027114],[-92.79577,58.0373999],[-92.7978335,58.0194322],[-92.8004086,58.0361353],[-92.81243,58.0346101],[-92.8130265,58.0136126],[-92.7820504,57.9435277],[-92.7619004,57.8738705],[-92.729068,57.8304118],[-92.7217292,57.7937635],[-92.66771,57.71457],[-92.5643699,57.5965],[-92.53708,57.54904],[-92.54217,57.5418899],[-92.51603,57.5382101],[-92.49861,57.52507],[-92.4527,57.44399],[-92.42666,57.3632299],[-92.4246001,57.3278899],[-92.4396745,57.259825],[-92.4566439,57.225987],[-92.4843132,57.1975244],[-92.540321,57.1073779],[-92.5700026,57.0741435],[-92.6872366,56.9859069],[-92.628913,56.9678793],[-92.6107923,56.9817875],[-92.4498204,57.0452052],[-92.2190218,57.0720145],[-92.1946416,57.0646566],[-92.2773115,57.0233593],[-92.2214448,57.0357171],[-92.263091,57.0017124],[-92.1895987,57.0347789],[-92.1286852,57.0478924],[-92.1236273,57.0406713],[-92.1230536,57.0492079],[-92.109376,57.0445253],[-92.1062046,57.0347821],[-92.0943673,57.0477052],[-92.0714405,57.0472146],[-92.0676762,57.0398115],[-92.0651462,57.04875],[-91.9770185,57.0558951],[-91.953586,57.0500247],[-91.9602499,57.05965],[-91.8150201,57.0896001],[-91.6861799,57.1285201],[-91.6532899,57.12689],[-91.6083599,57.1450901],[-91.58195,57.1455599],[-91.5730209,57.1544294],[-91.37984,57.19996],[-91.1162696,57.2528362],[-91.1395399,57.2501501],[-91.1275399,57.2539399],[-91.0433799,57.25509],[-91.0298801,57.26],[-91.04118,57.2609499],[-91.0080182,57.2632749],[-90.9717173,57.2607014],[-90.9649899,57.25845],[-90.9818224,57.2602591],[-90.965993,57.2541722],[-90.94667,57.2607199],[-90.9335101,57.2594801],[-90.9482901,57.2541699],[-90.9423199,57.25399],[-90.9215099,57.2627399],[-90.90056,57.2571401],[-90.8863701,57.2656101],[-90.7448401,57.2380499],[-90.76493,57.24942],[-90.7839999,57.24668],[-90.78535,57.2477299],[-90.77281,57.25199],[-90.7458599,57.2444701],[-90.7068499,57.22609],[-90.6777901,57.22274],[-90.66486,57.2255701],[-90.6686701,57.23256],[-90.65439,57.2269201],[-90.62441,57.23045],[-90.6442499,57.23774],[-90.695,57.23433],[-90.6607099,57.2389399],[-90.63384,57.2380599],[-90.58617,57.22306],[-90.5571899,57.20432],[-90.53777,57.2054601],[-90.5372999,57.19829],[-90.5009399,57.1847701],[-90.4825,57.18542],[-90.4983899,57.1737],[-90.47084,57.18007],[-90.47554,57.1906601],[-90.4682599,57.1935899],[-90.4965999,57.1931299],[-90.4933799,57.19883],[-90.3882801,57.1771001],[-90.36957,57.16825],[-90.36315,57.1590099],[-90.39068,57.17638],[-90.4014001,57.1781399],[-90.38237,57.1672399],[-90.3820799,57.1646699],[-90.39527,57.17148],[-90.39825,57.16603],[-90.40671,57.1764499],[-90.4218,57.16985],[-90.20904,57.1022801],[-90.21558,57.1030701],[-90.2169899,57.1029699],[-90.21703,57.10246],[-90.18903,57.09313],[-90.1632701,57.07308],[-90.10755,57.06386],[-89.9714742,57.0207487],[-90.0150917,57.0276087],[-89.9542286,56.9990985],[-89.8940447,57.0001854],[-89.7802735,56.9696848],[-89.7395999,56.96305],[-89.7318251,56.9643273],[-89.6962774,56.9586653],[-89.6827054,56.9585249],[-89.6773335,56.9572033],[-89.691546,56.9579984],[-89.6833628,56.94967],[-89.586803,56.9466341],[-89.5139738,56.9248177],[-89.4083047,56.9236318],[-89.3740368,56.9090257],[-89.3642092,56.9095412],[-89.3613553,56.9202472],[-89.3402195,56.9174714],[-89.18374,56.87052],[-89.0394467,56.8496847],[-89.0367,56.84099],[-89.0278766,56.8508033],[-89.0225828,56.8494906],[-89.0278,56.84063],[-88.9989613,56.8509314],[-88.9000933,56.8365276],[-88.9079333,56.8449],[-88.889544,56.8598479],[-88.9094947,56.8553748],[-88.891623,56.8611801],[-88.8770342,56.8599652],[-88.8889432,56.8581352],[-88.8648463,56.8518115],[-88.857894,56.8345598],[-88.8266087,56.8397714],[-88.8434315,56.8470945],[-88.816824,56.8375648],[-88.80767,56.8153301],[-88.8201714,56.8176994],[-88.8303619,56.8093121],[-88.82644,56.79329],[-88.7010801,56.7456301],[-88.67815,56.7226399],[-88.6779499,56.7052595],[-88.62465,56.6822225],[-88.62868,56.67721],[-88.6138988,56.6806567],[-88.5568643,56.6606374],[-88.5058699,56.6541599],[-88.436637,56.6052401],[-88.2595253,56.5310216],[-88.1687165,56.5076193],[-88.1286837,56.5095966],[-87.9791099,56.4730713],[-87.9498799,56.4427278],[-87.941234,56.4164582],[-87.9286256,56.4084523],[-87.9152376,56.396737],[-87.941457,56.4136073],[-87.923677,56.3916511],[-87.8449552,56.3475433],[-87.8265786,56.3437275],[-87.8119877,56.3341865],[-87.8108555,56.3274336],[-87.8230356,56.3411111],[-87.8414039,56.3457772],[-87.8321373,56.3416003],[-87.8219014,56.3315027],[-87.8177282,56.3248911],[-87.835317,56.3352205],[-87.8286944,56.3234746],[-87.8046321,56.31134],[-87.7702431,56.2596396],[-87.7280935,56.2316051],[-87.7496861,56.2489982],[-87.7386005,56.2459254],[-87.7143301,56.2168717],[-87.7130798,56.1930523],[-87.6355167,56.1076164],[-87.6567593,56.106685],[-87.5675157,56.0670074],[-87.4728418,56.0489574],[-87.4452481,56.0062854],[-87.3716343,55.9890761],[-87.3779051,55.98437],[-87.3564833,55.9747516],[-87.3613169,55.9545645],[-87.3435949,55.9673344],[-87.2169907,55.934453],[-87.0278275,55.9233963],[-87.0357529,55.9228655],[-87.0207229,55.9207111],[-87.0330418,55.9199737],[-87.0230204,55.915686],[-86.9495347,55.9176168],[-86.9567803,55.9091819],[-86.9446229,55.9165443],[-86.9012455,55.9140723],[-86.7881674,55.8764653],[-86.780931,55.8711079],[-86.785226,55.8579988],[-86.7783458,55.868412],[-86.7642068,55.869931],[-86.686249,55.8363372],[-86.5894262,55.8234406],[-86.5529487,55.8080621],[-86.3817557,55.7666578],[-86.2686306,55.7080122],[-86.1343849,55.6900782],[-86.0473073,55.6682685],[-86.0039836,55.6712463],[-86.0128714,55.6696641],[-85.8955063,55.6557555],[-85.8891096,55.6411339],[-85.8609797,55.6245682],[-85.8210786,55.618311],[-85.7655403,55.5906848],[-85.7288823,55.5934256],[-85.6989342,55.5839908],[-85.671684,55.5611869],[-85.641901,55.557707],[-85.6247191,55.5330372],[-85.5886074,55.5261254],[-85.5755768,55.5053555],[-85.5792802,55.5054931],[-85.5812422,55.5042412],[-85.5829696,55.5020797],[-85.555488,55.4968766],[-85.5066694,55.4645698],[-85.4989976,55.4516515],[-85.4596883,55.4380487],[-85.4564604,55.4346754],[-85.4658366,55.4393925],[-85.4785288,55.4372745],[-85.4456321,55.4279507],[-85.3955938,55.3983804],[-85.3669854,55.3943882],[-85.352313,55.383944],[-85.36014,55.3778946],[-85.3067956,55.381837],[-85.2826512,55.3698299],[-85.22896,55.373287],[-85.2221627,55.3524259],[-85.2085757,55.3436309],[-85.1777443,55.347846],[-85.1389064,55.3321981],[-85.1220517,55.3355736],[-85.1248289,55.3186451],[-85.1214942,55.3112432],[-85.1110893,55.3127157],[-85.1112618,55.2906676],[-85.0513578,55.2725395],[-85.0124155,55.2728294],[-85.0059247,55.2656565],[-84.9936351,55.276798],[-84.9711678,55.2796316],[-84.9354196,55.265415],[-84.9040553,55.2697247],[-84.8977815,55.2587222],[-84.8141957,55.2511419],[-84.7856141,55.2341379],[-84.568162,55.2376616],[-84.5423199,55.22602],[-84.5287,55.2361099],[-84.5111999,55.2316301],[-84.4437504,55.2542728],[-84.37706,55.2649801],[-84.36818,55.26351],[-84.37351,55.2576],[-84.3522901,55.25958],[-84.3077301,55.2749999],[-84.2617199,55.26539],[-84.17135,55.2743499],[-84.1211129,55.2535879],[-84.0895901,55.2509],[-83.944366,55.2921905],[-83.8898206,55.2947317],[-83.81696,55.2758999],[-83.7611819,55.2478395],[-83.7469769,55.2515333],[-83.70043,55.22191],[-83.6744929,55.2261595],[-83.6282101,55.21081],[-83.695736,55.2564496],[-83.6960399,55.2663299],[-83.6462975,55.2644219],[-83.6476708,55.2583817],[-83.6340666,55.2523894],[-83.5443736,55.2383957],[-83.4762669,55.2118873],[-83.3948779,55.2072593],[-83.42035,55.2149799],[-83.4154344,55.2209457],[-83.3823037,55.2141153],[-83.3546019,55.1967281],[-83.3309985,55.1949645],[-83.2992625,55.19712],[-83.2944989,55.2040635],[-83.2204056,55.2060471],[-83.18624,55.19456],[-83.1362601,55.19365],[-83.00482,55.2156101],[-82.9885125,55.2254619],[-82.9523993,55.2254496],[-82.9120589,55.2051533],[-82.8666116,55.1556789],[-82.8046418,55.1374321],[-82.7475182,55.1450989],[-82.7203809,55.1619374],[-82.716837,55.1820043],[-82.7523501,55.20003],[-82.70851,55.21166],[-82.7013,55.20024],[-82.70754,55.1993801],[-82.6892299,55.1901601],[-82.6216299,55.1682799],[-82.595942,55.1493687],[-82.56229,55.1439399],[-82.54818,55.1315799],[-82.5110793,55.127913],[-82.5182499,55.1442501],[-82.5223401,55.13409],[-82.54521,55.13598],[-82.5546901,55.16121],[-82.5380001,55.1578399],[-82.52216,55.1647001],[-82.4845774,55.1345951],[-82.4640443,55.1390519],[-82.43848,55.11449],[-82.40881,55.1094501],[-82.37832,55.09328],[-82.4012804,55.0952168],[-82.3894801,55.08048],[-82.3311622,55.0616959],[-82.3406405,55.0869478],[-82.3323079,55.0907142],[-82.3351908,55.1024849],[-82.3112441,55.1063394],[-82.31306,55.11898],[-82.3311997,55.1330654],[-82.3433301,55.1288901],[-82.3595871,55.1516218],[-82.3461038,55.1570878],[-82.3362217,55.1375645],[-82.33609,55.1530499],[-82.318883,55.14934],[-82.3007512,55.1333966],[-82.2970596,55.1178408],[-82.2872543,55.1268088],[-82.2521818,55.1098499],[-82.2456694,55.0609331],[-82.2707995,55.0507617],[-82.2773194,55.0356529],[-82.2550893,54.978137],[-82.2505188,54.9405115],[-82.2266404,54.912512],[-82.2590761,54.8965062],[-82.2462566,54.8802747],[-82.2136975,54.877261],[-82.1976042,54.8442239],[-82.1966297,54.7920449],[-82.2095508,54.7521891],[-82.2120667,54.7490188],[-82.214368,54.7487897],[-82.2091914,54.7575818],[-82.2334815,54.7424359],[-82.2537805,54.7200597],[-82.2734356,54.6685202],[-82.2862673,54.6562086],[-82.2837782,54.6302325],[-82.3236895,54.5004523],[-82.3466921,54.4791395],[-82.3589659,54.4426451],[-82.3868609,54.4182058],[-82.4074559,54.3573326],[-82.4408895,54.3552102],[-82.415185,54.3384962],[-82.4199915,54.2518878],[-82.4003396,54.1943022],[-82.3169197,54.112503],[-82.2789658,54.0932791],[-82.2245297,54.039954],[-82.183707,53.9767785],[-82.1098579,53.7954262],[-82.1118164,53.7572366],[-82.1302367,53.7299388],[-82.1671,53.7023901],[-82.2062087,53.5953448],[-82.1969499,53.5750099],[-82.19185,53.5238401],[-82.1547318,53.4754809],[-82.1461201,53.4225601],[-82.1114499,53.3347699],[-82.0995428,53.2705004],[-82.1946099,53.2086799],[-82.2394278,53.1946998],[-82.2327948,53.1845003],[-82.2451899,53.1723001],[-82.26015,53.1298599],[-82.26825,53.13003],[-82.26302,53.12626],[-82.2774113,53.0980565],[-82.2824045,53.0638212],[-82.2774171,53.0218731],[-82.2915611,53.0192789],[-82.2758025,53.017093],[-82.2743107,53.0080987],[-82.2925952,53.0005463],[-82.2645194,52.9952443],[-82.257608,52.9746737],[-82.2617717,52.9616512],[-82.2502118,52.9566645],[-82.2358813,52.9259619],[-82.1594328,52.9024881],[-82.1685006,52.8914514],[-82.1636369,52.8873915],[-82.1347649,52.8984748],[-82.1096706,52.8911109],[-81.9498816,52.7834456],[-81.936868,52.7743485],[-81.9135846,52.70855],[-81.8712351,52.6613168],[-81.7575518,52.6069129],[-81.6770359,52.5270409],[-81.613741,52.4802189],[-81.5626676,52.4689941],[-81.5368796,52.4519296],[-81.5242034,52.4371761],[-81.5296377,52.4282207],[-81.5248595,52.4225971],[-81.5309161,52.3964175],[-81.5452653,52.3875515],[-81.5453387,52.3691086],[-81.5345189,52.3599383],[-81.5363499,52.3509998],[-81.5059467,52.3248212],[-81.5529513,52.3025635],[-81.5510924,52.2877625],[-81.4942182,52.2803548],[-81.4579792,52.2490943],[-81.4600474,52.2474808],[-81.4827243,52.2481805],[-81.493684,52.2467395],[-81.4618719,52.2464302],[-81.4487042,52.2308722],[-81.436393,52.231682],[-81.445452,52.2275945],[-81.4505953,52.2015147],[-81.4199777,52.1636845],[-81.405267,52.1567377],[-81.4241337,52.1442564],[-81.4031627,52.1458653],[-81.3739439,52.1213775],[-81.32635,52.09943],[-81.1543209,52.047664],[-81.1296219,52.044187],[-81.0890955,52.0620592],[-81.079182,52.0594273],[-81.07286,52.0396499],[-81.0407835,52.0401216],[-81.0317552,52.0202233],[-80.9884536,52.0143006],[-80.9733264,52.0022299],[-80.9172049,51.9247055],[-80.8777213,51.8956885],[-80.8221101,51.87938],[-80.7931459,51.8880674],[-80.7974804,51.8767625],[-80.7870492,51.8586233],[-80.7535299,51.8531199],[-80.7516682,51.8589219],[-80.75027,51.8444001],[-80.7395101,51.8446301],[-80.7292901,51.8230899],[-80.6909088,51.8247199],[-80.6910254,51.8358585],[-80.6853962,51.8477224],[-80.69012,51.8071],[-80.6534501,51.79188],[-80.63943,51.76186],[-80.5651833,51.700773],[-80.56614,51.6742299],[-80.51186,51.5479299],[-80.4834653,51.5074696],[-80.4474679,51.4933336],[-80.4318744,51.4653465],[-80.4326119,51.382296],[-80.3851396,51.3386689],[-80.3472455,51.3275325],[-80.3083849,51.326482],[-80.2425881,51.3010961],[-80.1105237,51.2914724],[-80.05475,51.2648601],[-80.00002,51.25189],[-79.92019,51.1905701],[-79.8825789,51.1721863],[-79.7912829,51.1607309],[-79.7379112,51.2286432],[-79.7220255,51.2423064],[-79.697132,51.2490209],[-79.7032356,51.2594106],[-79.6896899,51.2648501],[-79.69394,51.29513],[-79.74333,51.32771],[-79.7395801,51.35253],[-79.7259808,51.357405],[-79.7320748,51.371633],[-79.7110462,51.3825891],[-79.70877,51.36398],[-79.7169471,51.3555023],[-79.7119101,51.34685],[-79.700253,51.3599776],[-79.6769285,51.3402505],[-79.6745467,51.3522593],[-79.6888161,51.3829239],[-79.6805,51.40724],[-79.6408367,51.4064342],[-79.63448,51.4185001],[-79.6155811,51.420647],[-79.6057534,51.4394835],[-79.5800257,51.4499553],[-79.5826101,51.47862],[-79.567194,51.4686728],[-79.5306945,51.4629246],[-79.5224977,51.4716668],[-79.5177855,51.4962626],[-79.5408805,51.5517232],[-79.5211164,51.5549408],[-79.5115999,51.5670599],[-79.4908563,51.5655921],[-79.47492,51.5818299],[-79.4546319,51.5871416],[-79.4602001,51.59112],[-79.4292543,51.5985299],[-79.42079,51.61213],[-79.3754293,51.6323693],[-79.3834402,51.6404533],[-79.3618012,51.6476907],[-79.363883,51.6565065],[-79.3139935,51.6655285],[-79.3119199,51.65649],[-79.2856693,51.6416522],[-79.22526,51.64393],[-79.2229057,51.6255302],[-79.2491913,51.592469],[-79.2381835,51.5570225],[-79.2474793,51.5431881],[-79.1658819,51.5234708],[-79.0952101,51.53297],[-78.9814425,51.4627241],[-78.9737392,51.4027531],[-78.9474535,51.327072],[-78.9516378,51.3092891],[-78.9518738,51.3051844],[-78.9516807,51.3016696],[-78.9424783,51.2856771],[-78.9225106,51.2742081],[-78.9263483,51.2702218],[-78.9151104,51.2666759],[-78.9037872,51.303816],[-78.8825333,51.3198376],[-78.86935,51.34019],[-78.89714,51.3768299],[-78.8941741,51.3912663],[-78.7648226,51.4844949],[-78.82888,51.5122],[-78.8169699,51.53786],[-78.8280902,51.5737229],[-78.8048887,51.6023726],[-78.8423993,51.5986147],[-78.8563072,51.6198041],[-78.8823463,51.6381262],[-78.9285699,51.6459899],[-78.9456005,51.6615488],[-78.93749,51.67639],[-78.9421301,51.69237],[-78.9919499,51.70348],[-78.9993599,51.7389137],[-79.03059,51.7443699],[-79.0335199,51.75775],[-79.0438,51.76356],[-78.9745052,51.7996093],[-78.9281786,51.7930121],[-78.8517604,51.8267977],[-78.8366445,51.8442627],[-78.8440777,51.8571081],[-78.8343488,51.8629513],[-78.85803,51.86617],[-78.8493489,51.8715049],[-78.8704894,51.8970526],[-78.9002186,51.9056519],[-78.870163,51.9181338],[-78.87706,51.9280201],[-78.8578599,51.9394601],[-78.78878,51.95279],[-78.7836242,51.9575562],[-78.7948101,51.96521],[-78.788817,51.9683185],[-78.7639046,51.9608354],[-78.7406659,51.9715838],[-78.7291002,51.9675121],[-78.7082648,51.9940505],[-78.7238701,52.00589],[-78.7184143,52.0099158],[-78.7277699,52.0146307],[-78.72364,52.0187],[-78.64868,51.9826299],[-78.6405015,51.9812855],[-78.6568952,51.9898356],[-78.6268022,51.983599],[-78.6901975,52.0031794],[-78.6947894,52.0313732],[-78.71263,52.0471901],[-78.6869574,52.0456681],[-78.641789,52.057003],[-78.6419821,52.0656705],[-78.66035,52.07717],[-78.6214042,52.0824598],[-78.60312,52.0973],[-78.5780185,52.103275],[-78.5783816,52.1200382],[-78.5700147,52.1306029],[-78.5747123,52.1368203],[-78.5497999,52.1587696],[-78.5410001,52.1788],[-78.5520299,52.1867201],[-78.5418944,52.1977088],[-78.5523301,52.21158],[-78.5763535,52.2087981],[-78.55684,52.22449],[-78.55906,52.23351],[-78.5179651,52.242008],[-78.5205753,52.2563092],[-78.579399,52.2539791],[-78.5539603,52.2682167],[-78.5639774,52.2895407],[-78.5095315,52.3179178],[-78.5061103,52.3329482],[-78.5116675,52.3357889],[-78.5028383,52.351174],[-78.5367974,52.3521716],[-78.5036051,52.3601634],[-78.545013,52.3715382],[-78.5204201,52.37981],[-78.5261107,52.3928479],[-78.5157037,52.4007431],[-78.5155964,52.4106004],[-78.5497999,52.4201675],[-78.5432554,52.4342592],[-78.5485769,52.4374511],[-78.5122061,52.4526096],[-78.5123299,52.46037],[-78.5319257,52.4784807],[-78.5501862,52.4812121],[-78.5672499,52.47254],[-78.5607004,52.4777489],[-78.5684,52.4782],[-78.5692401,52.48975],[-78.55207,52.48888],[-78.5491101,52.49676],[-78.5684896,52.5136354],[-78.5864711,52.5172002],[-78.5874368,52.5253604],[-78.62517,52.5128584],[-78.6624299,52.51367],[-78.666004,52.519557],[-78.6742974,52.5138182],[-78.6438275,52.5361034],[-78.6784923,52.5407431],[-78.6988799,52.5236099],[-78.7150562,52.5213131],[-78.715024,52.5298054],[-78.72931,52.5323999],[-78.7044561,52.5413956],[-78.7093806,52.5493164],[-78.7417495,52.5466676],[-78.7250769,52.5580381],[-78.7302482,52.5608949],[-78.7677348,52.5419894],[-78.764838,52.553622],[-78.7538946,52.5552854],[-78.7678635,52.5563552],[-78.7571091,52.568547],[-78.72983,52.567],[-78.7271299,52.57848],[-78.7055599,52.59156],[-78.7348999,52.59093],[-78.71519,52.5979799],[-78.7224699,52.6037599],[-78.70305,52.6046699],[-78.73705,52.60635],[-78.73148,52.61649],[-78.71763,52.61161],[-78.72329,52.62005],[-78.740881,52.6173638],[-78.7254,52.62817],[-78.7218999,52.63886],[-78.7394385,52.6253335],[-78.7711615,52.6210193],[-78.7797776,52.6220994],[-78.77675,52.63708],[-78.76778,52.63128],[-78.7652401,52.6396899],[-78.78921,52.64064],[-78.7979421,52.632272],[-78.81588,52.63807],[-78.80399,52.6398999],[-78.8014901,52.6477999],[-78.79463,52.6417801],[-78.7376899,52.65941],[-78.7702401,52.6574599],[-78.7594601,52.6703301],[-78.74251,52.67206],[-78.7475701,52.68856],[-78.73364,52.6888001],[-78.7288801,52.6910201],[-78.80989,52.6820399],[-78.8288,52.69187],[-78.82578,52.70155],[-78.7771279,52.7001697],[-78.76713,52.7082161],[-78.76884,52.7180401],[-78.7978399,52.7202501],[-78.7841699,52.72358],[-78.78976,52.7298399],[-78.77277,52.7318301],[-78.7908101,52.73409],[-78.82623,52.72642],[-78.83921,52.72857],[-78.8515101,52.74456],[-78.87327,52.7400799],[-78.8575,52.75158],[-78.8501801,52.7629799],[-78.83967,52.76202],[-78.8465101,52.7647],[-78.8320601,52.7791801],[-78.8222999,52.7799],[-78.8333664,52.7733027],[-78.81468,52.78027],[-78.7895595,52.7638758],[-78.817787,52.7618048],[-78.794999,52.7549288],[-78.7774037,52.7582793],[-78.794331,52.7683335],[-78.7924581,52.779349],[-78.7624547,52.7677984],[-78.7743575,52.7764562],[-78.7594456,52.7799218],[-78.7400101,52.7693901],[-78.715405,52.7755943],[-78.7200419,52.7815816],[-78.74475,52.77589],[-78.7244432,52.789696],[-78.7514624,52.7962768],[-78.73351,52.80514],[-78.7336703,52.8131915],[-78.7576214,52.8011615],[-78.7658207,52.8020012],[-78.7649353,52.8085373],[-78.7775305,52.8018143],[-78.7944222,52.8060113],[-78.784378,52.8105613],[-78.7919849,52.8139714],[-78.8005606,52.8097874],[-78.8089327,52.8091253],[-78.7610054,52.8251666],[-78.74072,52.84004],[-78.7479045,52.8419389],[-78.757814,52.8378279],[-78.7585603,52.839033],[-78.72229,52.85797],[-78.7259187,52.8614126],[-78.7068601,52.8694701],[-78.7018044,52.8744049],[-78.7024784,52.8773938],[-78.70681,52.8704899],[-78.7761119,52.8532259],[-78.8232029,52.8565351],[-78.8339132,52.8520043],[-78.8220949,52.8591098],[-78.8391601,52.8574699],[-78.8305299,52.8651301],[-78.8414695,52.864921],[-78.8389903,52.8728192],[-78.8557779,52.8580005],[-78.8535885,52.8646222],[-78.8766341,52.8552508],[-78.8688822,52.8616666],[-78.8825827,52.8597329],[-78.8624315,52.8735976],[-78.8776548,52.8703495],[-78.8684846,52.8778441],[-78.8820291,52.8763483],[-78.8756036,52.8841854],[-78.8945917,52.8828767],[-78.8770442,52.8993645],[-78.8836018,52.8961376],[-78.8808647,52.9070229],[-78.9066535,52.9027264],[-78.9118379,52.9070871],[-78.9065,52.9139],[-78.9201816,52.9115214],[-78.8716499,52.9290401],[-78.8693988,52.9460491],[-78.8467609,52.9457888],[-78.8304217,52.9535456],[-78.83322,52.9597301],[-78.80179,52.9517337],[-78.7834208,52.9551277],[-78.7880076,52.959382],[-78.7816345,52.9663985],[-78.8413882,52.9671611],[-78.83792,52.9759601],[-78.8161792,52.9778343],[-78.8201993,52.9854798],[-78.8009419,52.9845159],[-78.7933378,52.9869013],[-78.8302395,52.9872263],[-78.8485692,52.9798241],[-78.842181,52.9863898],[-78.8562625,52.9868241],[-78.8196647,52.9922525],[-78.8022641,52.9980155],[-78.7940806,53.0040427],[-78.8464424,52.995593],[-78.84048,53.00138],[-78.8520799,53.0072299],[-78.84436,53.0129801],[-78.8492041,53.0175367],[-78.8911275,52.9986512],[-78.8573525,53.0017634],[-78.8802028,52.995418],[-78.8641096,52.9972132],[-78.8679067,52.9930742],[-78.8580864,52.9904766],[-78.8706543,52.9819308],[-78.8960988,52.9871946],[-78.9343296,52.981818],[-78.9098811,52.9960826],[-78.9522553,52.9904772],[-78.9444838,52.9986517],[-78.9658668,52.9958245],[-78.97854,53.0102101],[-78.9945737,53.0134392],[-78.9886688,53.0268769],[-78.95465,53.03029],[-78.9912704,53.0348224],[-78.9895901,53.0375601],[-78.9469738,53.0413687],[-78.9268424,53.0583947],[-78.9395899,53.06963],[-78.9600233,53.0727272],[-78.9724452,53.062616],[-78.9920653,53.0646572],[-78.9905627,53.07234],[-78.9593354,53.0891492],[-78.9773465,53.0834121],[-78.9637243,53.098403],[-78.9760868,53.0938714],[-78.97085,53.10156],[-78.95033,53.11223],[-78.9743578,53.105899],[-78.94862,53.1214199],[-78.9759771,53.1224016],[-78.9368771,53.1403593],[-78.944002,53.1445855],[-78.9342499,53.1487599],[-78.9503501,53.14771],[-78.9524721,53.1472572],[-78.9550096,53.1452786],[-78.9560469,53.1452379],[-78.9313756,53.1638274],[-78.9599806,53.1748144],[-78.9730396,53.1701414],[-78.9565601,53.1784399],[-78.9670224,53.1796137],[-78.9607387,53.1852519],[-78.9096799,53.1953101],[-78.90786,53.2063],[-78.9425408,53.2076344],[-78.92618,53.21584],[-78.92894,53.22076],[-78.9097017,53.2166238],[-78.9003912,53.2236439],[-78.913475,53.2349448],[-78.9496189,53.2353726],[-78.9088874,53.2609185],[-78.9527245,53.2637029],[-78.9222398,53.271088],[-78.9701434,53.2778011],[-78.987054,53.2729261],[-78.9469986,53.2963975],[-78.9489858,53.3024674],[-78.9599213,53.2973637],[-78.9554915,53.3068572],[-78.9622373,53.3046476],[-78.9494017,53.3206574],[-78.98822,53.3219599],[-78.9608599,53.3440976],[-78.9837981,53.3441893],[-78.9784731,53.3512414],[-78.9775519,53.3507593],[-78.9531424,53.3534277],[-78.9493582,53.3542565],[-78.9636099,53.35357],[-78.9503699,53.3618],[-78.9594066,53.3689292],[-78.94518,53.3836601],[-78.95595,53.38393],[-78.95865,53.39448],[-78.94196,53.39394],[-78.8957616,53.4023519],[-78.9831144,53.3983815],[-78.9879201,53.4101001],[-78.9734801,53.41165],[-78.98176,53.4225501],[-78.9935963,53.4196785],[-78.9928583,53.4255784],[-79.0647799,53.4079099],[-79.0413099,53.4194401],[-79.0354299,53.43062],[-78.9968399,53.4302301],[-78.9922601,53.4409199],[-79.01743,53.43954],[-79.00521,53.44395],[-79.0377499,53.4501301],[-79.0439,53.44254],[-79.07024,53.42952],[-79.06135,53.43617],[-79.0816,53.4439199],[-79.0482099,53.4545701],[-79.0945,53.45322],[-79.09026,53.4613601],[-79.1121155,53.465545],[-79.1013748,53.473083],[-79.0851199,53.47063],[-79.10684,53.47943],[-79.0877,53.4801501],[-79.08871,53.48631],[-79.1211265,53.4908734],[-79.1167004,53.5011064],[-79.1365171,53.5006703],[-79.1039901,53.5096201],[-79.1090001,53.51303],[-79.1036799,53.5165299],[-79.07091,53.5190799],[-79.0672299,53.52414],[-79.0766301,53.5253199],[-79.0608699,53.53147],[-79.06368,53.5263901],[-79.0271701,53.5347599],[-79.03303,53.5289699],[-79.0086101,53.52703],[-79.00013,53.5338],[-79.0279,53.53772],[-79.0173099,53.54792],[-79.0314001,53.54559],[-79.0297,53.55479],[-79.0420799,53.5565301],[-79.0359,53.5600099],[-78.9894999,53.5582199],[-78.9834999,53.5489],[-78.9693601,53.5476301],[-78.9790499,53.54293],[-78.9741,53.53836],[-78.88594,53.5554101],[-78.90359,53.55495],[-78.8985301,53.5617799],[-78.9103399,53.5666],[-78.9354799,53.56294],[-78.94229,53.5734301],[-78.97342,53.5707601],[-78.9562599,53.57841],[-78.95389,53.5829801],[-78.97143,53.5853301],[-78.95844,53.59561],[-78.98176,53.5944699],[-78.98721,53.60662],[-79.0046001,53.60331],[-78.99947,53.6024599],[-79.0270441,53.5858144],[-79.0490878,53.5920845],[-79.0591113,53.584893],[-79.0726534,53.5874527],[-79.0673429,53.5882636],[-79.0711772,53.5963316],[-79.05382,53.6007801],[-79.05945,53.6001101],[-79.0531099,53.6069299],[-79.06101,53.61321],[-79.0446101,53.6229299],[-79.04779,53.62888],[-79.01679,53.62811],[-79.0176486,53.6220226],[-79.0361693,53.6223776],[-79.0418599,53.6080299],[-79.0199422,53.612877],[-79.0281727,53.6177436],[-79.0138947,53.6190432],[-79.0149837,53.6255399],[-79.0074133,53.6258419],[-79.01578,53.63117],[-78.9984901,53.63677],[-79.0613001,53.6444801],[-79.0230899,53.64999],[-79.0530999,53.6633],[-79.0163901,53.6641],[-79.0052601,53.6714801],[-79.0000401,53.6724099],[-78.9969201,53.6744099],[-79.0185299,53.67375],[-79.0202899,53.68223],[-79.0048499,53.6801799],[-79.00843,53.68665],[-79.05167,53.6848],[-79.0565499,53.6912801],[-79.0498066,53.6935049],[-79.0726805,53.6952582],[-79.09015,53.7071899],[-79.0314199,53.70266],[-79.05236,53.70735],[-79.0498401,53.71513],[-79.0565301,53.7105001],[-79.0844201,53.7145299],[-79.0173801,53.7257401],[-79.07848,53.7359601],[-79.05756,53.73972],[-79.0626301,53.7407401],[-79.0733101,53.74036],[-79.07414,53.74102],[-79.07228,53.75328],[-79.08151,53.75958],[-79.05603,53.75891],[-79.03546,53.7858999],[-79.0815011,53.7860105],[-79.0817856,53.7940076],[-79.06817,53.79575],[-79.0667049,53.8080946],[-79.0512046,53.8068324],[-79.0626579,53.8011457],[-79.0622521,53.8007713],[-79.0465813,53.8071823],[-79.0398583,53.81468],[-78.9986608,53.8139169],[-78.9884138,53.8210787],[-78.953122,53.8093998],[-78.9335191,53.8171718],[-78.9265603,53.8291882],[-78.9368213,53.8383087],[-79.0095271,53.8467178],[-79.0589865,53.8414297],[-79.0841717,53.8698459],[-79.07092,53.86778],[-79.076408,53.8619532],[-79.0664476,53.8588255],[-79.0684543,53.8644204],[-79.0606578,53.8636378],[-79.0712222,53.8714397],[-79.0555,53.8731701],[-79.0595055,53.8821339],[-79.1150477,53.8919921],[-79.1004274,53.8937014],[-79.10316,53.9026301],[-79.07617,53.89515],[-79.0333479,53.9047181],[-79.033185,53.8949496],[-79.0126199,53.89066],[-78.9789964,53.8870411],[-78.9521056,53.8944987],[-78.9641579,53.9045565],[-79.0152701,53.90761],[-79.0107299,53.91215],[-78.9988353,53.9152021],[-78.9918042,53.9209346],[-79.0095766,53.9298981],[-79.0002964,53.9335159],[-79.0024421,53.9358849],[-79.0059244,53.9359863],[-78.9862303,53.9369557],[-79.0067012,53.9369289],[-79.007,53.9356599],[-79.0011836,53.9341397],[-79.0115363,53.9305747],[-78.9990735,53.91656],[-79.0075199,53.91581],[-79.0417699,53.92547],[-79.06404,53.9228699],[-79.0936699,53.9298899],[-79.0882101,53.9354399],[-79.1130099,53.9437799],[-79.13176,53.94202],[-79.15474,53.9480099],[-79.1149901,53.94803],[-79.0400601,53.9344101],[-79.1061747,53.9500236],[-79.0291999,53.95293],[-79.03956,53.95439],[-79.03681,53.96664],[-79.1057338,53.9695486],[-79.0519501,53.97739],[-79.07436,53.9815899],[-79.05526,53.98564],[-79.0679601,53.98841],[-79.06849,53.9955899],[-79.0184417,53.9982862],[-78.98178,53.9904501],[-78.96687,53.9931399],[-78.96543,54.00465],[-79.0326879,54.0191162],[-79.040017,54.0247191],[-79.0299797,54.0319606],[-79.0752457,54.0321249],[-79.0874326,54.0280378],[-79.0679866,54.0232669],[-79.0928701,54.02365],[-79.1013399,54.0289101],[-79.0736599,54.0437101],[-79.1135929,54.0412933],[-79.1044217,54.0454938],[-79.1127701,54.0472809],[-79.07184,54.0548301],[-79.10708,54.05564],[-79.1127432,54.061724],[-79.0766984,54.0629142],[-79.1397901,54.06422],[-79.1251101,54.07104],[-79.1384899,54.07381],[-79.12877,54.0767301],[-79.1621,54.0718699],[-79.1390001,54.0817599],[-79.16432,54.0807399],[-79.17255,54.0817599],[-79.1763899,54.0836101],[-79.1617299,54.09005],[-79.1691501,54.0996499],[-79.1628962,54.101589],[-79.1453254,54.0954114],[-79.16243,54.09391],[-79.1349299,54.08503],[-79.0938999,54.0961701],[-79.05661,54.0919899],[-79.06683,54.09727],[-79.05115,54.10001],[-79.0588,54.11047],[-79.1115899,54.1288601],[-79.11554,54.1380099],[-79.08027,54.1459099],[-79.09082,54.1537601],[-79.0577353,54.1628101],[-79.1805099,54.1653201],[-79.21682,54.1569801],[-79.2003701,54.1536701],[-79.21357,54.15129],[-79.2073801,54.1431299],[-79.2552001,54.14217],[-79.2485499,54.1497601],[-79.26548,54.1517999],[-79.22734,54.15584],[-79.24646,54.15793],[-79.2176499,54.1680101],[-79.2364299,54.17828],[-79.22859,54.18277],[-79.24928,54.1843501],[-79.2404101,54.19242],[-79.24882,54.19511],[-79.24158,54.20089],[-79.2467799,54.20187],[-79.2573299,54.19011],[-79.2516301,54.1854],[-79.2947701,54.1718099],[-79.3140399,54.17042],[-79.3014501,54.1794601],[-79.3322599,54.17349],[-79.3418001,54.18054],[-79.33622,54.18365],[-79.36631,54.18484],[-79.37297,54.18199],[-79.3633601,54.1821201],[-79.36679,54.17806],[-79.3924099,54.1763599],[-79.37867,54.1815501],[-79.3836299,54.18854],[-79.3548101,54.19208],[-79.3499101,54.20166],[-79.3608001,54.2025701],[-79.35633,54.2052],[-79.33084,54.2088199],[-79.3336999,54.2027199],[-79.31062,54.2116099],[-79.32817,54.2098101],[-79.31964,54.2155901],[-79.28186,54.2199101],[-79.28073,54.2260499],[-79.2995699,54.2252899],[-79.2812001,54.23578],[-79.2983,54.23476],[-79.2972,54.2403801],[-79.3204501,54.2492801],[-79.37947,54.25022],[-79.37621,54.2552899],[-79.4184299,54.2497101],[-79.40212,54.25846],[-79.41825,54.25445],[-79.40704,54.26135],[-79.4183001,54.26444],[-79.3772799,54.26146],[-79.3631699,54.2640899],[-79.3748101,54.2686],[-79.3619499,54.27278],[-79.39148,54.2678],[-79.41657,54.2753099],[-79.4215101,54.2720501],[-79.4120999,54.2662801],[-79.42869,54.2675199],[-79.41415,54.2814199],[-79.42503,54.28336],[-79.40501,54.2856599],[-79.4104099,54.29315],[-79.4268601,54.2926],[-79.41693,54.30016],[-79.43915,54.30327],[-79.47918,54.2927599],[-79.46514,54.2995],[-79.4846799,54.3040999],[-79.4817999,54.31073],[-79.4439,54.3284301],[-79.4598733,54.3259389],[-79.4820001,54.33507],[-79.4518601,54.3380099],[-79.45826,54.34296],[-79.4548899,54.35086],[-79.48183,54.35172],[-79.4732299,54.3647901],[-79.50832,54.36485],[-79.48437,54.37788],[-79.4973599,54.3888001],[-79.48051,54.39345],[-79.50341,54.4034801],[-79.46491,54.39966],[-79.46072,54.40601],[-79.47404,54.41386],[-79.5034501,54.4144901],[-79.47294,54.42589],[-79.47552,54.4331],[-79.49349,54.43435],[-79.4700199,54.4391799],[-79.48608,54.44476],[-79.4748999,54.45],[-79.48993,54.45966],[-79.53411,54.4597],[-79.4908901,54.46326],[-79.50827,54.47501],[-79.49994,54.4805399],[-79.51077,54.4788799],[-79.5022301,54.48391],[-79.51888,54.4858899],[-79.4916701,54.49606],[-79.5403799,54.49973],[-79.5081399,54.50293],[-79.5029766,54.5100323],[-79.5119199,54.5139901],[-79.5135899,54.5104201],[-79.5167099,54.5094399],[-79.51832,54.5074101],[-79.5181301,54.5066301],[-79.5075601,54.5067699],[-79.52606,54.50648],[-79.51105,54.5257601],[-79.5325866,54.5315975],[-79.5140863,54.5404928],[-79.551326,54.5390893],[-79.54996,54.5464699],[-79.5896001,54.55309],[-79.56564,54.57022],[-79.55652,54.5662699],[-79.5811701,54.5547801],[-79.54298,54.5627801],[-79.55045,54.5572301],[-79.5393501,54.5532599],[-79.51506,54.5670399],[-79.5203,54.5684],[-79.5116801,54.57495],[-79.52006,54.57506],[-79.5010399,54.58865],[-79.5443601,54.58597],[-79.54319,54.5940301],[-79.55422,54.5939101],[-79.5538299,54.6049201],[-79.53331,54.61108],[-79.5352401,54.61853],[-79.5795299,54.60177],[-79.5581501,54.6200799],[-79.5708101,54.6239499],[-79.5848599,54.6134801],[-79.59756,54.6161899],[-79.5710401,54.6299699],[-79.58421,54.63243],[-79.6108401,54.62813],[-79.5955101,54.6246199],[-79.60157,54.61547],[-79.6551001,54.6114701],[-79.64869,54.62523],[-79.6573399,54.62391],[-79.65952,54.6248399],[-79.6434399,54.6369501],[-79.6713,54.6289401],[-79.7200906,54.6352751],[-79.7616971,54.6230775],[-79.7560599,54.62945],[-79.7626795,54.6320817],[-79.7526097,54.6354738],[-79.7505016,54.6487125],[-79.7433475,54.6487234],[-79.7476637,54.6404846],[-79.7317357,54.6356777],[-79.715488,54.6539679],[-79.6756089,54.662551],[-79.6478077,54.6875774],[-79.6447899,54.68269],[-79.6209455,54.6918984],[-79.6216536,54.7016328],[-79.6004856,54.7000891],[-79.5628474,54.7235506],[-79.5346892,54.7211376],[-79.4875002,54.7343839],[-79.4487155,54.7599095],[-79.4632208,54.7417856],[-79.4341457,54.7408256],[-79.3883872,54.7645088],[-79.3743217,54.7572598],[-79.3417704,54.7588138],[-79.2277229,54.7980997],[-79.1899145,54.7975926],[-79.1022813,54.8187638],[-79.0661801,54.8197],[-79.0095735,54.8384103],[-78.9810884,54.8327874],[-78.93976,54.85425],[-78.9337957,54.8692851],[-78.9458978,54.8707421],[-78.8908374,54.8841922],[-78.892833,54.8958363],[-78.8856018,54.8908755],[-78.8797224,54.8910729],[-78.8854623,54.8936151],[-78.8491988,54.900087],[-78.8456261,54.9051824],[-78.8538551,54.9054168],[-78.834039,54.9127009],[-78.7688613,54.9083096],[-78.7254256,54.9222065],[-78.735323,54.9225487],[-78.7135649,54.934083],[-78.6679781,54.9374207],[-78.6286676,54.9487628],[-78.6312103,54.9536056],[-78.616823,54.9505866],[-78.5894805,54.9663505],[-78.5906982,54.9609179],[-78.5804737,54.9607732],[-78.5575622,54.9721765],[-78.5632646,54.9777584],[-78.5472035,54.98096],[-78.5570687,54.9863221],[-78.5527611,54.9911758],[-78.4728581,55.0022782],[-78.4783083,55.0038657],[-78.4271801,55.0207435],[-78.3909434,55.0204544],[-78.3170539,55.0424463],[-78.3069795,55.0537833],[-78.2719445,55.0674027],[-78.2647026,55.0760272],[-78.2731032,55.0805045],[-78.2460129,55.083701],[-78.251034,55.0880271],[-78.2392055,55.0935714],[-78.2388836,55.0874468],[-78.2257837,55.0940319],[-78.2299572,55.0990996],[-78.1900835,55.1168362],[-78.1978566,55.1206372],[-78.1612176,55.1273486],[-78.1231356,55.1500328],[-78.1294978,55.1390357],[-78.1035769,55.152387],[-78.1139141,55.1526138],[-78.109746,55.1548145],[-78.0330133,55.176126],[-77.9718927,55.2055621],[-77.9139581,55.2185946],[-77.8997516,55.2256224],[-77.8999026,55.2344833],[-77.8863905,55.2322979],[-77.8483963,55.2574974],[-77.8349393,55.2541841],[-77.8214928,55.2612225],[-77.8078937,55.2550787],[-77.7510756,55.2987143],[-77.7453596,55.3127479],[-77.6908764,55.340496],[-77.6736639,55.3584503],[-77.6246729,55.3841308],[-77.6336717,55.3759635],[-77.6044266,55.3860675],[-77.5828839,55.3820157],[-77.5525785,55.3959382],[-77.5454468,55.4088007],[-77.4898474,55.4383064],[-77.4574734,55.46767],[-77.4276096,55.4786885],[-77.4200068,55.491527],[-77.3362019,55.5240231],[-77.3498075,55.529587],[-77.319605,55.5383445],[-77.3169119,55.5477375],[-77.3065752,55.5497636],[-77.3100609,55.5512908],[-77.3133959,55.5584946],[-77.3077683,55.5509674],[-77.2997118,55.5554406],[-77.304498,55.5606967],[-77.2287158,55.590118],[-77.2338496,55.6004996],[-77.2008473,55.6117147],[-77.1973256,55.6225994],[-77.1681421,55.6482767],[-77.1634223,55.6453515],[-77.1668601,55.6522855],[-77.1166316,55.6661323],[-77.1164925,55.6808466],[-77.0827429,55.7089754],[-77.0792506,55.7204055],[-77.1062114,55.7194797],[-77.1103731,55.7042457],[-77.197548,55.6679344],[-77.1077403,55.7261727],[-77.0927491,55.7448639],[-77.065565,55.7493147],[-77.0771025,55.7527936],[-77,55.805183],[-76.9939087,55.8231973],[-76.9621277,55.822268],[-76.9789847,55.8276404],[-76.9564445,55.8354383],[-76.9611802,55.847767],[-76.8943344,55.8917433],[-76.8820669,55.9135575],[-76.8301869,55.9298545],[-76.8228179,55.9491421],[-76.8080788,55.9581111],[-76.8011797,55.9778997],[-76.8074101,55.9820548],[-76.7960379,55.986559],[-76.7984923,56.0010628],[-76.7284398,56.0169392],[-76.6907132,56.0480429],[-76.6816894,56.0743335],[-76.6865295,56.0866214],[-76.6490243,56.1248651],[-76.6416744,56.1467218],[-76.6596523,56.1650191],[-76.6504916,56.1737575],[-76.6508868,56.1896318],[-76.6410851,56.1902693],[-76.6706979,56.1938081],[-76.6219267,56.196021],[-76.6147871,56.2029974],[-76.6224256,56.209004],[-76.616615,56.2119392],[-76.6267074,56.2238873],[-76.6262238,56.2376849],[-76.613702,56.2519233],[-76.5676088,56.2753032],[-76.547985,56.3013186],[-76.5447964,56.3343768],[-76.5516301,56.3375511],[-76.5427617,56.3446766],[-76.5594699,56.3495829],[-76.5469217,56.3529563],[-76.5290859,56.3737481],[-76.5299009,56.3992731],[-76.5400173,56.405425],[-76.5227434,56.4273321],[-76.5279371,56.4430406],[-76.5178426,56.4520578],[-76.5279952,56.4671496],[-76.5521553,56.475687],[-76.5514268,56.4998087],[-76.5441399,56.5012993],[-76.556418,56.5184429],[-76.5410921,56.5309554],[-76.5578656,56.5560587],[-76.5451347,56.5651697],[-76.5380779,56.5838434],[-76.5342931,56.5977053],[-76.5489778,56.6025596],[-76.5486877,56.60907],[-76.5301067,56.6439728],[-76.5403944,56.6586114],[-76.5326908,56.6713355],[-76.5379181,56.6735473],[-76.536741,56.7172286],[-76.529983,56.7229566],[-76.5379606,56.7318723],[-76.5306967,56.7527777],[-76.5372321,56.7733495],[-76.5292863,56.7765542],[-76.5340235,56.7862133],[-76.5189337,56.7865484],[-76.5361105,56.7894427],[-76.5331195,56.8216811],[-76.5522759,56.8952162],[-76.5511929,56.907616],[-76.5426632,56.9097821],[-76.5692617,56.9242343],[-76.5636929,56.9585048],[-76.569601,56.9759298],[-76.5591646,56.9880554],[-76.5651517,56.9969454],[-76.5547356,56.9979264],[-76.5746737,57.0218371],[-76.5637774,57.026129],[-76.571216,57.0247193],[-76.5745556,57.0490279],[-76.5559337,57.0682823],[-76.5620232,57.0884634],[-76.5499781,57.0959017],[-76.5746491,57.1242515],[-76.5742576,57.1382944],[-76.5827911,57.1383431],[-76.5761182,57.1438835],[-76.5798883,57.1541384],[-76.571527,57.1564404],[-76.5807488,57.1554677],[-76.5860707,57.1654744],[-76.574418,57.1864574],[-76.5950653,57.2016964],[-76.6027595,57.2169114],[-76.5983694,57.231039],[-76.611959,57.2352662],[-76.6022124,57.2404498],[-76.61771,57.2505973],[-76.6143195,57.257229],[-76.6323558,57.3019156],[-76.6280064,57.3076746],[-76.6383354,57.3108898],[-76.6280158,57.3136646],[-76.6530787,57.3306361],[-76.6482083,57.3371188],[-76.6614548,57.3391096],[-76.6524041,57.3435402],[-76.6656587,57.3524788],[-76.6577564,57.3612496],[-76.6678323,57.3789089],[-76.6877736,57.3867347],[-76.6778689,57.3899866],[-76.6764871,57.4023171],[-76.6615556,57.4068758],[-76.6973828,57.4068087],[-76.7026327,57.4289486],[-76.6950855,57.4382609],[-76.7096001,57.4387248],[-76.7092595,57.4485921],[-76.7605227,57.4605805],[-76.7408847,57.4704004],[-76.768721,57.4826619],[-76.7666546,57.4887807],[-76.7771164,57.4937217],[-76.7716239,57.496563],[-76.7803867,57.5008271],[-76.7730702,57.5090892],[-76.7827945,57.5285534],[-76.822461,57.5651693],[-76.8182233,57.5737666],[-76.8311566,57.5833569],[-76.8247072,57.5859078],[-76.8355268,57.5881036],[-76.8489753,57.6051383],[-76.8455574,57.6122735],[-76.8585752,57.6170372],[-76.8540415,57.6266733],[-76.8672029,57.6273237],[-76.8439922,57.6300413],[-76.8386786,57.6385096],[-76.8424724,57.6509922],[-76.8538083,57.6519886],[-76.858903,57.6618445],[-76.8332749,57.6656614],[-76.8654483,57.6751411],[-76.8577571,57.6805904],[-76.8728883,57.6869754],[-76.8720555,57.6956023],[-76.8851548,57.6938581],[-76.8845863,57.7017781],[-76.8925027,57.7018484],[-76.8910902,57.7154773],[-76.9217799,57.7453394],[-76.9149758,57.7480744],[-76.9272006,57.7581072],[-76.9275639,57.7696921],[-76.9608152,57.7801976],[-76.9621224,57.7892524],[-76.9793928,57.7995335],[-76.9796564,57.8095568],[-76.9955834,57.8162305],[-76.9829954,57.8186868],[-76.9996317,57.825057],[-76.990796,57.8329872],[-77.0045317,57.8332482],[-76.9950821,57.8434235],[-77.0113672,57.8456126],[-77.0076232,57.8509965],[-77.0152594,57.8544424],[-77.0242342,57.8504148],[-77.0203142,57.8548704],[-77.0353898,57.8554586],[-77.0503718,57.867295],[-77.0397579,57.8784636],[-77.0555868,57.8774862],[-77.0482033,57.893862],[-77.0821175,57.9036083],[-77.0772825,57.9079633],[-77.0896639,57.9170599],[-77.0819648,57.9230356],[-77.0928204,57.9202011],[-77.0918771,57.9403978],[-77.1118283,57.9469059],[-77.1151921,57.9557141],[-77.123222,57.9500261],[-77.1165476,57.9443909],[-77.1231636,57.9433938],[-77.1505166,57.9560425],[-77.1326018,57.9668587],[-77.1270052,57.9579681],[-77.1241752,57.964972],[-77.1429048,57.9724348],[-77.160215,57.9673897],[-77.1743792,57.9776644],[-77.1545284,57.9773778],[-77.1741551,57.987434],[-77.1520376,57.9829004],[-77.1506112,57.988289],[-77.2003684,58.0011449],[-77.1870798,58.0046173],[-77.1938879,58.0101126],[-77.1490958,58.0099678],[-77.1858331,58.013282],[-77.1966746,58.0242032],[-77.2189591,58.0225399],[-77.2264919,58.0312183],[-77.2379433,58.0305175],[-77.2367836,58.0413502],[-77.2514897,58.0408167],[-77.2518644,58.0493528],[-77.2718095,58.0513363],[-77.2696145,58.0562725],[-77.2926466,58.056124],[-77.2871781,58.0647888],[-77.3351515,58.0820171],[-77.3336886,58.0878592],[-77.3696127,58.0894564],[-77.3795502,58.1028757],[-77.3949953,58.0980943],[-77.3982401,58.1036094],[-77.3887699,58.1113781],[-77.435272,58.1399809],[-77.5274648,58.1607242],[-77.4465021,58.1647181],[-77.5096637,58.1934299],[-77.5061042,58.2103692],[-77.4974245,58.2123884],[-77.5152039,58.2260251],[-77.5420372,58.229325],[-77.532907,58.2376551],[-77.5382567,58.2411299],[-77.5048061,58.2550635],[-77.5115443,58.2582865],[-77.4994472,58.2606613],[-77.5027965,58.2523041],[-77.4839258,58.2629464],[-77.507009,58.2629923],[-77.5027708,58.2748746],[-77.4815527,58.2782473],[-77.5119247,58.2806869],[-77.5083533,58.2740196],[-77.5181978,58.2634015],[-77.5377437,58.2576894],[-77.5323045,58.2513874],[-77.5512109,58.234372],[-77.5507946,58.2246436],[-77.5777651,58.2242424],[-77.6066508,58.2315918],[-77.5770611,58.2408566],[-77.6303412,58.2444703],[-77.6282239,58.2539552],[-77.6432292,58.2548878],[-77.6413795,58.2606616],[-77.651412,58.2565347],[-77.6503301,58.2639428],[-77.672969,58.2675361],[-77.6770899,58.275346],[-77.7486087,58.2808427],[-77.7908919,58.2987311],[-77.7870846,58.3032334],[-77.8040402,58.3009753],[-77.8104195,58.3129776],[-77.8282625,58.3083783],[-77.828856,58.3145739],[-77.8813567,58.3237542],[-77.8661276,58.3304428],[-77.8554177,58.3244322],[-77.8567293,58.3306549],[-77.8917534,58.332345],[-77.9003907,58.3272696],[-77.9098468,58.3381875],[-77.9780565,58.3440195],[-78.0348802,58.3670776],[-78.0370259,58.3745832],[-78.0687296,58.3810129],[-78.0614984,58.3870253],[-78.0682254,58.3940263],[-78.0513328,58.3892382],[-77.999711,58.3898821],[-78.0519498,58.4106824],[-78.0443966,58.420342],[-78.0561662,58.4267409],[-78.103008,58.4274941],[-78.0877419,58.4404152],[-78.0965348,58.4615851],[-78.1074023,58.4464777],[-78.1456622,58.4586782],[-78.1400566,58.451559],[-78.1447333,58.4469244],[-78.1763002,58.4496348],[-78.1800493,58.4529551],[-78.1599999,58.458119],[-78.1991527,58.4697662],[-78.2034169,58.4748863],[-78.1948536,58.4783037],[-78.2149355,58.4826548],[-78.2139148,58.4902373],[-78.2414391,58.4941415],[-78.2224567,58.4996261],[-78.2308209,58.507921],[-78.2545745,58.5088177],[-78.2397741,58.5137184],[-78.2436901,58.5248791],[-78.2192659,58.5387072],[-78.2181609,58.5501622],[-78.2111174,58.5529022],[-78.2094169,58.557752],[-78.2104683,58.5585859],[-78.227098,58.5434834],[-78.2292652,58.549524],[-78.2490063,58.5506576],[-78.2445753,58.5663501],[-78.2640803,58.569349],[-78.2650995,58.5620639],[-78.2852912,58.5684538],[-78.2637906,58.5504113],[-78.222431,58.5417337],[-78.2452946,58.53409],[-78.240047,58.5295914],[-78.2508556,58.5246321],[-78.2874792,58.5314808],[-78.2974684,58.5237559],[-78.2685676,58.5213086],[-78.2589372,58.5123314],[-78.3083854,58.5127403],[-78.3157611,58.5207923],[-78.3043939,58.5244477],[-78.3157231,58.5283341],[-78.3113891,58.5360837],[-78.3295637,58.5441441],[-78.320396,58.5476515],[-78.3225149,58.5569628],[-78.3320099,58.5612245],[-78.3332545,58.5526083],[-78.3431035,58.5535991],[-78.3575821,58.5679558],[-78.3523062,58.5761151],[-78.370733,58.5824661],[-78.3590975,58.5859614],[-78.3718085,58.5913685],[-78.3708268,58.5977251],[-78.3854395,58.5946839],[-78.3734876,58.5874222],[-78.3759472,58.5805981],[-78.3946261,58.5901118],[-78.3586174,58.6138295],[-78.3415264,58.6065593],[-78.3239579,58.618425],[-78.3372241,58.6183552],[-78.3360976,58.6257459],[-78.3713847,58.6124046],[-78.3721787,58.6236875],[-78.3792758,58.6167489],[-78.3903104,58.621534],[-78.3927459,58.6134635],[-78.4255439,58.6121057],[-78.4271586,58.6171093],[-78.420437,58.6153828],[-78.4148473,58.6171512],[-78.4534496,58.6272903],[-78.453573,58.6343217],[-78.4378231,58.6343831],[-78.4590876,58.6377559],[-78.4572423,58.6268043],[-78.4652674,58.6314903],[-78.4595597,58.634009],[-78.4747303,58.6366614],[-78.4670484,58.62395],[-78.4484124,58.6195145],[-78.4542918,58.6097699],[-78.4274912,58.5982897],[-78.4318793,58.5901887],[-78.4479564,58.5923469],[-78.4420717,58.5872251],[-78.4465885,58.5825388],[-78.4328771,58.5831093],[-78.4478867,58.57675],[-78.4292722,58.5639888],[-78.3954656,58.5707588],[-78.3753276,58.5562381],[-78.3738256,58.5463527],[-78.3475185,58.5337932],[-78.4259248,58.541073],[-78.4818971,58.5765766],[-78.462081,58.5804024],[-78.4737218,58.5933365],[-78.4827554,58.5894059],[-78.4785712,58.6059864],[-78.4951365,58.6306191],[-78.5086656,58.6237266],[-78.5093951,58.6318031],[-78.5411525,58.642284],[-78.5831066,58.6435676],[-78.5789716,58.6590515],[-78.5650778,58.6579689],[-78.5665155,58.6661156],[-78.5979402,58.6754931],[-78.5765576,58.6774452],[-78.549875,58.6635658],[-78.5427511,58.6676387],[-78.5410667,58.6592078],[-78.534919,58.6555357],[-78.5253704,58.6530633],[-78.5373974,58.6593194],[-78.5272265,58.6640456],[-78.496145,58.6478946],[-78.5017562,58.6588507],[-78.4859741,58.6571151],[-78.5026789,58.6609767],[-78.5030866,58.6687545],[-78.5161099,58.6745301],[-78.5258532,58.6759281],[-78.5364318,58.6661547],[-78.5430622,58.673736],[-78.5320974,58.6731057],[-78.5435236,58.6867249],[-78.5326016,58.6901093],[-78.555454,58.6929304],[-78.5239892,58.6957569],[-78.4903622,58.6873159],[-78.5079253,58.7036549],[-78.4981674,58.7050538],[-78.5026306,58.7162844],[-78.4906572,58.7166828],[-78.5117823,58.7235931],[-78.5010696,58.7297336],[-78.5148025,58.7263223],[-78.5196787,58.7295108],[-78.5120291,58.7355527],[-78.5404819,58.7434447],[-78.5411954,58.7564994],[-78.5612905,58.756491],[-78.564477,58.7699246],[-78.5573369,58.7742271],[-78.5752058,58.7697383],[-78.5861921,58.7742215],[-78.5733068,58.7729172],[-78.5789609,58.7813818],[-78.5575279,58.7931278],[-78.5424829,58.7895219],[-78.5432661,58.780759],[-78.5354229,58.7772604],[-78.5551355,58.782116],[-78.5590673,58.7761407],[-78.5407151,58.7719863],[-78.5427745,58.7667371],[-78.5243533,58.7556643],[-78.5315081,58.7504121],[-78.5051956,58.7613438],[-78.4896395,58.7582922],[-78.4991091,58.7580781],[-78.498664,58.7498033],[-78.4842573,58.7576331],[-78.4597901,58.7410308],[-78.4412556,58.7416272],[-78.4506119,58.7372172],[-78.4371203,58.7140419],[-78.4819776,58.7147189],[-78.4749166,58.7098256],[-78.4285212,58.7064359],[-78.4052981,58.689055],[-78.3513482,58.68553],[-78.3583274,58.6938225],[-78.3535436,58.6963891],[-78.3665873,58.693386],[-78.3576769,58.6910797],[-78.3653269,58.6879],[-78.3742373,58.6976072],[-78.3835831,58.6896097],[-78.399298,58.694965],[-78.3979191,58.7022293],[-78.4119927,58.7010853],[-78.3896864,58.7124112],[-78.3799697,58.704292],[-78.3521817,58.7066079],[-78.3646019,58.7154409],[-78.3799629,58.713312],[-78.3710729,58.7214608],[-78.3772599,58.72965],[-78.3851,58.7170001],[-78.3902691,58.7258862],[-78.4054743,58.7260304],[-78.3959609,58.7290818],[-78.4029196,58.7364688],[-78.3946234,58.7372025],[-78.404949,58.739789],[-78.4298653,58.7313138],[-78.4367279,58.7379404],[-78.4283403,58.7421589],[-78.4631017,58.7541357],[-78.4567157,58.7562224],[-78.4621009,58.7619587],[-78.4925136,58.7616827],[-78.48525,58.7647039],[-78.4946979,58.7765679],[-78.5055715,58.7642158],[-78.5360914,58.7752998],[-78.5027003,58.7708091],[-78.5051251,58.7796634],[-78.520478,58.783303],[-78.5113424,58.7835949],[-78.5211378,58.7915538],[-78.5147327,58.7953283],[-78.5306114,58.7961315],[-78.5076122,58.7984096],[-78.524158,58.8043737],[-78.5085583,58.8116472],[-78.5263789,58.8150084],[-78.5126889,58.8216131],[-78.5214007,58.8266506],[-78.5157681,58.833242],[-78.524394,58.8339916],[-78.5214865,58.8387608],[-78.5295761,58.8283666],[-78.526175,58.8217076],[-78.5361421,58.8210633],[-78.5408253,58.8237182],[-78.5303566,58.8284763],[-78.542043,58.8316207],[-78.5370326,58.8383389],[-78.557758,58.8440719],[-78.5600594,58.8546903],[-78.5525304,58.8617133],[-78.5698414,58.8756497],[-78.5576883,58.8872978],[-78.5664618,58.8918684],[-78.5552663,58.8960948],[-78.5801572,58.8980374],[-78.5761231,58.9196338],[-78.5496497,58.9165763],[-78.552112,58.9315177],[-78.5394198,58.9353018],[-78.5432124,58.9420359],[-78.5361475,58.9482374],[-78.5325319,58.9381667],[-78.5052753,58.9314734],[-78.5124099,58.9266422],[-78.5059565,58.909142],[-78.5262984,58.8846478],[-78.5042775,58.8976411],[-78.4775466,58.8909289],[-78.4869719,58.8640503],[-78.5071045,58.8574092],[-78.5075927,58.8445423],[-78.4915584,58.8591653],[-78.4731156,58.8592541],[-78.477611,58.8776779],[-78.469398,58.8804949],[-78.4768707,58.8859063],[-78.4546673,58.8981856],[-78.4831604,58.8991555],[-78.4594604,58.908358],[-78.4689313,58.9158991],[-78.4342182,58.9010327],[-78.4492815,58.8984225],[-78.4323782,58.9005589],[-78.4085548,58.910696],[-78.3830631,58.9067346],[-78.3963829,58.8992566],[-78.3880627,58.8979986],[-78.3642984,58.9053937],[-78.3505654,58.9228101],[-78.2880914,58.9324174],[-78.331908,58.9290676],[-78.3407378,58.9327164],[-78.3307922,58.9444519],[-78.3520889,58.9445681],[-78.3166516,58.9750285],[-78.2817346,58.9816027],[-78.2822099,58.98812],[-78.2937777,58.988352],[-78.2864338,59.0045088],[-78.2961072,59.0049806],[-78.2952851,59.0216708],[-78.3180624,59.0450608],[-78.3128643,59.0534093],[-78.2863426,59.0651396],[-78.2770085,59.0601258],[-78.2817292,59.0533183],[-78.2746299,59.0463499],[-78.2352197,59.0491856],[-78.2181931,59.039103],[-78.2350373,59.0702795],[-78.2291633,59.0751401],[-78.2405573,59.0792972],[-78.2323122,59.0814224],[-78.2401764,59.0819847],[-78.2371992,59.0901617],[-78.2507926,59.101199],[-78.2467157,59.1060608],[-78.2189119,59.1014001],[-78.2284766,59.0993064],[-78.2234053,59.0896408],[-78.2298178,59.0874252],[-78.2220784,59.0831356],[-78.2281226,59.0814334],[-78.2080467,59.0684848],[-78.2034838,59.0777894],[-78.2137942,59.0799091],[-78.1820798,59.0913328],[-78.1232268,59.0942949],[-78.0799627,59.0862098],[-78.1323463,59.0994221],[-78.1182934,59.1001442],[-78.1132758,59.1055622],[-78.1201154,59.1101315],[-78.1113982,59.1142678],[-78.0984485,59.1137942],[-78.1067473,59.1176244],[-78.1300879,59.1149094],[-78.1200886,59.1116847],[-78.1227011,59.1008216],[-78.1627464,59.0978793],[-78.1620705,59.1077078],[-78.143338,59.1036809],[-78.1520283,59.1072341],[-78.1398511,59.1092061],[-78.1681109,59.1141962],[-78.1637925,59.1308934],[-78.1890589,59.1369123],[-78.1834424,59.1465948],[-78.193109,59.1495906],[-78.1856847,59.1524899],[-78.1189406,59.1489469],[-78.12657,59.1617201],[-78.1483054,59.1627207],[-78.1342292,59.1666857],[-78.1487239,59.1762306],[-78.1216335,59.1839372],[-78.1309998,59.1844043],[-78.13841,59.19604],[-78.1531549,59.194197],[-78.1493569,59.199823],[-78.1267727,59.1959498],[-78.1220734,59.2008668],[-78.1287575,59.2143561],[-78.114059,59.2142188],[-78.1169665,59.2052228],[-78.10336,59.2031999],[-78.0826342,59.2118794],[-78.0939317,59.2202533],[-78.06034,59.2214399],[-78.0650497,59.2271704],[-78.057121,59.2304254],[-78.0492799,59.2281199],[-78.0548465,59.2210988],[-78.0183256,59.2170028],[-78.0463386,59.2225537],[-78.049171,59.2262373],[-78.03021,59.22895],[-78.0029199,59.22116],[-78.008101,59.2128295],[-77.9769622,59.2130319],[-77.9635631,59.2028241],[-77.9584862,59.2106718],[-77.9666827,59.2214685],[-77.9604813,59.2253126],[-77.9294109,59.2145452],[-77.9274005,59.2294945],[-77.9155796,59.2308897],[-77.9963215,59.2304353],[-77.9850705,59.2342316],[-77.9995577,59.2400719],[-77.9919513,59.2437784],[-78.0239904,59.2447425],[-78.0085731,59.245346],[-78.0171132,59.2497403],[-78.0136263,59.2517699],[-77.9904014,59.2467464],[-77.9949325,59.2538488],[-77.9888923,59.2523604],[-77.9882344,59.2620735],[-77.9835241,59.2540846],[-77.9763795,59.2597878],[-77.9606794,59.2567306],[-77.9569391,59.252904],[-77.9722877,59.2571371],[-77.9612988,59.2482549],[-77.9363266,59.2537163],[-77.9439556,59.2475757],[-77.9344422,59.242122],[-77.9417891,59.2389753],[-77.9233309,59.2366236],[-77.9182195,59.2386301],[-77.92869,59.25155],[-77.9100906,59.2533401],[-77.9487597,59.2612928],[-77.917368,59.2711602],[-77.8905766,59.2606067],[-77.872168,59.2660465],[-77.8816386,59.2737296],[-77.871505,59.2778882],[-77.8424268,59.2792622],[-77.8633028,59.2861575],[-77.8676,59.2947665],[-77.9049643,59.2947344],[-77.925844,59.303186],[-77.9200674,59.307627],[-77.8723801,59.3109475],[-77.8760413,59.3049267],[-77.8660692,59.2977761],[-77.8494033,59.2976901],[-77.8269671,59.2796584],[-77.8240769,59.2868695],[-77.8306833,59.2877666],[-77.8332226,59.2903374],[-77.817982,59.2899027],[-77.83935,59.2997722],[-77.8212263,59.2970829],[-77.814521,59.3034861],[-77.8511719,59.3104897],[-77.8396311,59.3121995],[-77.8473581,59.3170251],[-77.8428728,59.3210246],[-77.8029175,59.3065527],[-77.804394,59.2996481],[-77.7845998,59.3053532],[-77.7954126,59.3151787],[-77.7699434,59.3171004],[-77.808848,59.3233919],[-77.7885269,59.3361876],[-77.779293,59.3330017],[-77.7794066,59.3411764],[-77.8060687,59.3415446],[-77.8118987,59.3452421],[-77.803515,59.3482208],[-77.8154379,59.352129],[-77.811252,59.355836],[-77.8474984,59.3630724],[-77.7648113,59.3580871],[-77.7541645,59.3693047],[-77.7321725,59.3496887],[-77.7250109,59.3548772],[-77.740691,59.3674114],[-77.7731564,59.376853],[-77.7262223,59.3750493],[-77.7219064,59.3785548],[-77.7299244,59.3813033],[-77.6986662,59.3859022],[-77.648698,59.3740377],[-77.6610131,59.3729783],[-77.6583749,59.3691239],[-77.6411064,59.3703856],[-77.6582125,59.3786726],[-77.6469996,59.3824094],[-77.6491499,59.3880439],[-77.6575017,59.3822313],[-77.6848737,59.3954929],[-77.6961606,59.3925104],[-77.6892399,59.3958558],[-77.7175184,59.4069464],[-77.7079819,59.3987516],[-77.7278353,59.3976543],[-77.7354359,59.4068558],[-77.7410554,59.401791],[-77.7341078,59.3938704],[-77.743603,59.4021141],[-77.7573399,59.3973477],[-77.7938913,59.4105948],[-77.745677,59.4082988],[-77.7202792,59.4182972],[-77.8510321,59.417518],[-77.8794311,59.4115872],[-77.8754247,59.4057013],[-77.8850004,59.4016396],[-77.9006788,59.407643],[-77.8934966,59.4076965],[-77.8938181,59.4108526],[-77.9115971,59.4108223],[-77.9220059,59.4075738],[-77.8946376,59.4017308],[-77.9354113,59.4026967],[-77.9121254,59.3977456],[-77.9290991,59.3953995],[-77.9150815,59.3882355],[-77.9286312,59.3851319],[-77.9519537,59.4050526],[-77.9504645,59.4109877],[-77.939317,59.4069764],[-77.93977,59.4134136],[-77.9239925,59.414016],[-77.9373822,59.420209],[-77.9215192,59.4214503],[-77.9273757,59.4309904],[-77.916373,59.4343868],[-77.8683079,59.4233196],[-77.8390964,59.4351193],[-77.8540518,59.4467034],[-77.8965368,59.4572672],[-77.8738052,59.4621176],[-77.9100179,59.4696101],[-77.8859905,59.4713911],[-77.9010158,59.4805054],[-77.890243,59.486912],[-77.9100513,59.4902332],[-77.8843059,59.4896693],[-77.8995833,59.4943382],[-77.8903312,59.5068556],[-77.8606599,59.5038523],[-77.8487511,59.5120036],[-77.8592717,59.5178469],[-77.8129691,59.52691],[-77.7983978,59.5222441],[-77.7979773,59.529751],[-77.7748312,59.5219392],[-77.7808762,59.5262303],[-77.7500513,59.5283268],[-77.7556078,59.5416411],[-77.7704297,59.5453413],[-77.7436928,59.5439343],[-77.7588548,59.5485653],[-77.7107733,59.5436489],[-77.7509739,59.5558927],[-77.7351114,59.5618633],[-77.7346363,59.5718174],[-77.7610489,59.5755148],[-77.7424804,59.5879561],[-77.7561863,59.5935577],[-77.7089567,59.6052219],[-77.7233734,59.6090207],[-77.7526415,59.5973691],[-77.7545379,59.6005965],[-77.7630127,59.6018574],[-77.7646015,59.6029241],[-77.7654749,59.6046756],[-77.7385656,59.6096213],[-77.7558503,59.6172974],[-77.7530787,59.62483],[-77.7597593,59.6255118],[-77.7604679,59.6173249],[-77.7924402,59.6223673],[-77.784915,59.6236088],[-77.7843867,59.6310637],[-77.7931164,59.6320123],[-77.7814069,59.6408852],[-77.7964152,59.6405312],[-77.8018354,59.6466654],[-77.7934888,59.6477738],[-77.8006863,59.650077],[-77.7910669,59.6513995],[-77.807348,59.6562987],[-77.796856,59.6627009],[-77.8131228,59.6680179],[-77.7964914,59.6644027],[-77.826973,59.6783478],[-77.7808037,59.674846],[-77.7855586,59.67992],[-77.763936,59.6857268],[-77.7839154,59.6963102],[-77.7772391,59.6981136],[-77.8096,59.7072277],[-77.773611,59.7065812],[-77.7624816,59.6959942],[-77.7564373,59.6989201],[-77.7623761,59.703462],[-77.7434287,59.6969291],[-77.7496228,59.7028299],[-77.7437704,59.7089157],[-77.7268286,59.7074821],[-77.7273709,59.6851265],[-77.6918739,59.6677799],[-77.6790582,59.6703021],[-77.6829802,59.6744212],[-77.6739673,59.6831924],[-77.6631849,59.6810267],[-77.6643112,59.6715821],[-77.6514023,59.6805683],[-77.6272239,59.6781905],[-77.6538864,59.6768652],[-77.6431947,59.6718345],[-77.6564562,59.6656022],[-77.6210258,59.6616673],[-77.628506,59.6589699],[-77.6247422,59.6512948],[-77.5925546,59.6623723],[-77.6139501,59.6758394],[-77.6164175,59.6834943],[-77.6057091,59.6907674],[-77.6115418,59.6968001],[-77.5615979,59.6976119],[-77.540868,59.6925917],[-77.5480335,59.6915113],[-77.5395059,59.6855697],[-77.5195238,59.7049064],[-77.508044,59.705716],[-77.4970919,59.6904951],[-77.4745962,59.6955701],[-77.473351,59.7023087],[-77.5300409,59.7147387],[-77.5591547,59.7134226],[-77.5547985,59.7182792],[-77.5784583,59.7358114],[-77.5656056,59.7354932],[-77.5789642,59.7465748],[-77.5689494,59.7486929],[-77.5699397,59.7558528],[-77.5276367,59.7538635],[-77.5115992,59.7412034],[-77.5234536,59.7371935],[-77.5105901,59.7321969],[-77.5107406,59.7435558],[-77.4710852,59.7499516],[-77.4722144,59.7575382],[-77.4852184,59.7604958],[-77.4868122,59.7720812],[-77.4759691,59.7647509],[-77.4779847,59.7704874],[-77.4495196,59.7839843],[-77.4352285,59.7667444],[-77.4294489,59.7699194],[-77.4358647,59.7785128],[-77.430016,59.7776098],[-77.4315052,59.784981],[-77.4213031,59.785893],[-77.4267364,59.7889247],[-77.4068016,59.782504],[-77.3956777,59.7904895],[-77.4040686,59.7920552],[-77.3886938,59.7960541],[-77.3829317,59.7952959],[-77.3950752,59.7892611],[-77.3884565,59.7859042],[-77.3451733,59.7830453],[-77.2885238,59.7912646],[-77.2772815,59.7997266],[-77.3280809,59.8099943],[-77.3591445,59.805948],[-77.2978551,59.8288071],[-77.3219465,59.8386256],[-77.3112588,59.8289485],[-77.3292138,59.823108],[-77.3513233,59.8286806],[-77.3520262,59.8347523],[-77.336543,59.8380806],[-77.350443,59.8465826],[-77.3407599,59.8448488],[-77.350181,59.848225],[-77.3617478,59.8456872],[-77.3853652,59.8612188],[-77.3697977,59.8637726],[-77.3914235,59.8782291],[-77.3826201,59.8826538],[-77.3955937,59.8972725],[-77.4138645,59.9082189],[-77.4052633,59.8953408],[-77.4136618,59.903132],[-77.4229801,59.8970507],[-77.4478818,59.9037722],[-77.45368,59.9076196],[-77.4451306,59.9100408],[-77.4512046,59.9090621],[-77.4616496,59.9174845],[-77.4163795,59.9088748],[-77.4114799,59.9144344],[-77.4002684,59.9074227],[-77.4003076,59.9133696],[-77.3802843,59.9174046],[-77.3688583,59.9055492],[-77.365193,59.918158],[-77.3810116,59.9310435],[-77.3929337,59.929106],[-77.3793574,59.9194801],[-77.4167786,59.9177423],[-77.4194691,59.9231643],[-77.4048285,59.9186597],[-77.3962652,59.9211918],[-77.4061561,59.9325745],[-77.3978449,59.9287408],[-77.3375548,59.9403015],[-77.3748147,59.9360724],[-77.3897503,59.939019],[-77.3833382,59.9354455],[-77.3935568,59.9321609],[-77.4118902,59.9396492],[-77.4000372,59.939535],[-77.3969942,59.9511287],[-77.3899262,59.948336],[-77.3924155,59.9410692],[-77.3748271,59.9381093],[-77.3828467,59.9512721],[-77.3614989,59.9495989],[-77.3643539,59.9583299],[-77.3553154,59.9532089],[-77.3456651,59.9598184],[-77.3177795,59.9481874],[-77.3067407,59.9588694],[-77.334872,59.9749637],[-77.3224887,59.9800592],[-77.3026654,59.9732857],[-77.2968653,59.9798306],[-77.3059727,59.984361],[-77.2938609,59.9813691],[-77.2967662,59.9882387],[-77.2821257,59.9737236],[-77.2711005,59.9796437],[-77.2851224,59.9845254],[-77.277934,59.9901039],[-77.2647589,59.9883733],[-77.2595018,59.984783],[-77.2652739,59.9805402],[-77.2550585,59.9766599],[-77.2403777,59.9844288],[-77.2476089,59.9971299],[-77.2839554,59.9901975],[-77.3381288,60.0074703],[-77.2689673,60.0203603],[-77.2505045,60.0095008],[-77.2402817,60.0100318],[-77.2485363,60.0142807],[-77.2270858,60.0212405],[-77.2262969,60.0338661],[-77.1966773,60.0355862],[-77.1904685,60.0451858],[-77.2140718,60.0511528],[-77.223368,60.0406126],[-77.2536695,60.0431333],[-77.2633589,60.0321782],[-77.3111936,60.0320099],[-77.3094855,60.0263591],[-77.3311046,60.0150905],[-77.3704672,60.0210866],[-77.3841084,60.0416143],[-77.397211,60.0415566],[-77.4029861,60.0457176],[-77.3762493,60.0497325],[-77.3923546,60.0578107],[-77.4260805,60.0583344],[-77.411028,60.0499119],[-77.4269011,60.0441583],[-77.4434507,60.0534625],[-77.4358628,60.0410425],[-77.449411,60.0430389],[-77.4443853,60.0271434],[-77.468499,60.0301844],[-77.4860893,60.0448496],[-77.5044682,60.0455645],[-77.5059284,60.0283555],[-77.5228444,60.0403949],[-77.568935,60.0386447],[-77.6007183,60.0492195],[-77.5980891,60.0544519],[-77.6363755,60.0574967],[-77.641819,60.0679536],[-77.5943708,60.0649028],[-77.609495,60.0692393],[-77.5964951,60.0695267],[-77.6154165,60.0819809],[-77.5994456,60.0838578],[-77.6171668,60.093198],[-77.6061803,60.0970307],[-77.6154343,60.1109964],[-77.5834215,60.1080566],[-77.5627875,60.1175659],[-77.5701313,60.1187594],[-77.5690055,60.1208943],[-77.5451205,60.1224054],[-77.5205098,60.1153568],[-77.5338317,60.1140643],[-77.5206687,60.1090175],[-77.5130387,60.1110907],[-77.519353,60.1149541],[-77.5029124,60.1112863],[-77.5019392,60.1200447],[-77.4931112,60.11811],[-77.506454,60.1235209],[-77.5042594,60.1289312],[-77.4990717,60.1224621],[-77.4383736,60.1178114],[-77.4835911,60.1271805],[-77.4860959,60.1353935],[-77.5055924,60.1391564],[-77.4916413,60.1405509],[-77.5414813,60.1564539],[-77.5524219,60.1671804],[-77.5439429,60.1683515],[-77.5588983,60.1720795],[-77.5621564,60.1835693],[-77.572041,60.1866707],[-77.5726856,60.1996263],[-77.5799413,60.1993364],[-77.5661433,60.2008022],[-77.5328135,60.1899432],[-77.5302059,60.1981271],[-77.4632141,60.2001987],[-77.514584,60.2093023],[-77.5139923,60.2186143],[-77.5359871,60.2271872],[-77.5269728,60.2243694],[-77.518436,60.2269053],[-77.5367668,60.2287742],[-77.5049641,60.2333068],[-77.5492733,60.2512321],[-77.5307846,60.2492104],[-77.5350217,60.2536229],[-77.5490058,60.2577388],[-77.5572455,60.25062],[-77.583047,60.2525457],[-77.5753381,60.2566886],[-77.5885232,60.2584331],[-77.5866898,60.2648546],[-77.578027,60.2639527],[-77.5796721,60.2585505],[-77.5293791,60.264358],[-77.557343,60.2712535],[-77.5382775,60.2725797],[-77.5417468,60.28292],[-77.5570627,60.2881884],[-77.5756795,60.2880429],[-77.5669201,60.2752875],[-77.5852337,60.2814026],[-77.5824717,60.2765849],[-77.5929527,60.2753698],[-77.591088,60.2825643],[-77.6022405,60.2890878],[-77.5969396,60.2887907],[-77.6118524,60.2942058],[-77.5954581,60.2940431],[-77.6017182,60.2991075],[-77.5911906,60.3010758],[-77.5987293,60.3023081],[-77.5906361,60.3099498],[-77.5954199,60.3239518],[-77.6226579,60.3330926],[-77.6335775,60.3301005],[-77.6315666,60.3243439],[-77.6357641,60.3326007],[-77.6487962,60.3342267],[-77.6401517,60.331272],[-77.6419002,60.3263925],[-77.6527561,60.3297114],[-77.6535263,60.3374341],[-77.6373602,60.3425202],[-77.652994,60.3656756],[-77.709489,60.3613947],[-77.7301419,60.3734209],[-77.7086896,60.3755443],[-77.7128194,60.3801131],[-77.7450045,60.3777123],[-77.7494882,60.3867288],[-77.7756178,60.3855571],[-77.7744035,60.3947665],[-77.7506543,60.4025852],[-77.7670489,60.404935],[-77.7685718,60.3974934],[-77.7738634,60.4050178],[-77.7436611,60.4114035],[-77.7391559,60.4253396],[-77.7289879,60.4230391],[-77.7267936,60.424559],[-77.7396718,60.4304543],[-77.6968067,60.4329431],[-77.6956128,60.4433093],[-77.7157103,60.4423663],[-77.7085801,60.4507735],[-77.7234221,60.4552328],[-77.709097,60.4555344],[-77.6983173,60.4501751],[-77.7084462,60.4468133],[-77.6980603,60.4463321],[-77.6990303,60.4444421],[-77.6936382,60.4445717],[-77.7002494,60.4568288],[-77.6965456,60.4613922],[-77.6615397,60.4671643],[-77.6700564,60.4733659],[-77.662988,60.4787794],[-77.6818043,60.4794266],[-77.6759402,60.4827142],[-77.6177791,60.4912331],[-77.6282678,60.4992359],[-77.5854884,60.4975299],[-77.5923403,60.5083242],[-77.5672055,60.5163297],[-77.5876811,60.5327733],[-77.5808904,60.5394916],[-77.4477036,60.5413857],[-77.3770235,60.5212647],[-77.4134095,60.5404766],[-77.5153325,60.5615408],[-77.593774,60.5619057],[-77.6220182,60.5538591],[-77.6159592,60.5472849],[-77.6255573,60.5422962],[-77.6757651,60.5421631],[-77.6925062,60.5501148],[-77.6889159,60.5554535],[-77.7181691,60.5618673],[-77.7290178,60.5808193],[-77.7987453,60.5922853],[-77.8024163,60.5962182],[-77.7896881,60.5993919],[-77.7989026,60.599373],[-77.8046822,60.6067284],[-77.795183,60.6091158],[-77.8051807,60.6127983],[-77.7939972,60.6129812],[-77.8127167,60.6128561],[-77.8052252,60.6153835],[-77.8084536,60.6206266],[-77.8264358,60.6256618],[-77.8167391,60.6304022],[-77.8367084,60.6365298],[-77.8302236,60.6475559],[-77.8339309,60.657819],[-77.7080155,60.690082],[-77.6987552,60.6988982],[-77.7012377,60.7074683],[-77.7164253,60.7105022],[-77.6778774,60.7240371],[-77.6946972,60.7255596],[-77.6778703,60.7294089],[-77.6695898,60.7412096],[-77.6779677,60.7399567],[-77.6200098,60.7503667],[-77.6285839,60.7542294],[-77.6083244,60.763812],[-77.6721419,60.7509901],[-77.6208836,60.7706207],[-77.6698864,60.7691229],[-77.7911687,60.7400717],[-77.7333733,60.7559303],[-77.6969153,60.7713265],[-77.665766,60.7786345],[-77.656549,60.7814719],[-77.6490203,60.7858831],[-77.7568794,60.7603761],[-77.7734957,60.7595942],[-77.5194317,60.8293333],[-77.5109441,60.8425582],[-77.7349622,60.7894986],[-77.7708859,60.7835327],[-77.7752516,60.7896974],[-77.9251127,60.7454709],[-77.8900566,60.7660988],[-77.8807963,60.7604881],[-77.8537178,60.775372],[-77.8271169,60.7760224],[-77.8436161,60.7783979],[-77.8381445,60.7806878],[-77.8398129,60.7828693],[-77.8771939,60.7658686],[-77.871609,60.7703489],[-77.8848755,60.7678157],[-77.8626951,60.7782911],[-77.8931415,60.7739436],[-77.8467212,60.7996131],[-77.9903781,60.7755203],[-77.9968657,60.7792026],[-77.9777206,60.7862134],[-78.0435491,60.7877932],[-78.0390966,60.7931755],[-78.0471647,60.797243],[-78.0928159,60.7938142],[-78.0747056,60.8154909],[-78.2140904,60.7798133],[-78.2268673,60.7840229],[-78.2080972,60.7996247],[-78.1935167,60.7972273],[-78.1717595,60.8112016],[-78.2252634,60.8011059],[-78.1722146,60.8178242],[-78.2253147,60.8097235],[-78.20444,60.8291],[-78.2069177,60.8350341],[-78.1830276,60.8501919],[-78.1995553,60.8528366],[-78.1453921,60.8767546],[-78.1373188,60.8971207],[-78.1156001,60.9032948],[-78.1097245,60.9183257],[-78.0825377,60.9242596],[-78.0941463,60.9300465],[-78.0811601,60.9270999],[-78.0717301,60.93817],[-78.0408454,60.9436023],[-78.0291939,60.9521675],[-78.03299,60.96419],[-78.0084799,60.95786],[-78.0184436,60.9675051],[-77.9897285,60.9720727],[-77.9915556,60.990064],[-77.9528345,61.0046686],[-77.960012,61.0107243],[-77.91303,61.0242413],[-77.9277927,61.0261164],[-77.9241728,61.0277615],[-77.9024798,61.0241355],[-77.901839,61.0293707],[-77.9161606,61.0305648],[-77.906103,61.0379073],[-77.9122517,61.0407609],[-77.900514,61.0356363],[-77.8667588,61.0549679],[-77.8531529,61.0506914],[-77.8552159,61.0416566],[-77.8411022,61.0448378],[-77.8425539,61.0480149],[-77.8469086,61.0481479],[-77.8487303,61.0489769],[-77.8488306,61.0494603],[-77.8291559,61.0504187],[-77.8245498,61.0739404],[-77.833454,61.0824418],[-77.8192667,61.1043845],[-77.8257334,61.1129324],[-77.8194535,61.1106046],[-77.818612,61.1028956],[-77.8146103,61.1090924],[-77.8287736,61.1174252],[-77.8281875,61.1280502],[-77.8186232,61.1339825],[-77.8261288,61.1442618],[-77.8073246,61.1477109],[-77.806129,61.1596272],[-77.7782157,61.1719942],[-77.7872138,61.1751762],[-77.7832258,61.1790739],[-77.7508448,61.1718142],[-77.7589864,61.1841804],[-77.7707947,61.1866274],[-77.7571298,61.1923072],[-77.7088964,61.1760581],[-77.7177707,61.1831346],[-77.7067671,61.1903485],[-77.7161455,61.1930111],[-77.7044691,61.2007971],[-77.7197474,61.2208058],[-77.7508518,61.2237034],[-77.7666224,61.2321487],[-77.7645719,61.2383311],[-77.7931521,61.2393814],[-77.7599327,61.2389189],[-77.7597361,61.2360142],[-77.7514553,61.2344251],[-77.7587785,61.2389178],[-77.7510915,61.2476175],[-77.7592663,61.2478774],[-77.7460378,61.2511623],[-77.750615,61.2556903],[-77.7435664,61.2594095],[-77.7709078,61.2808186],[-77.759901,61.288798],[-77.7561214,61.3041439],[-77.7746458,61.3077218],[-77.747684,61.3134558],[-77.7564585,61.3151947],[-77.7315336,61.3208726],[-77.7420129,61.3258439],[-77.7277143,61.3286722],[-77.7520552,61.3299879],[-77.7528134,61.3175287],[-77.7641457,61.3205777],[-77.7570446,61.3245037],[-77.7744242,61.3216523],[-77.7763436,61.3315318],[-77.759802,61.3400037],[-77.7716572,61.3419214],[-77.7642727,61.3483341],[-77.7722593,61.3493802],[-77.7631532,61.3522723],[-77.7768847,61.3530959],[-77.7662626,61.3537714],[-77.7731154,61.3568152],[-77.7661245,61.3625421],[-77.7710609,61.3628548],[-77.7715865,61.361428],[-77.773277,61.360406],[-77.7788138,61.3597143],[-77.7810231,61.3599031],[-77.7643005,61.3652447],[-77.7715249,61.3687216],[-77.7589611,61.376124],[-77.7860274,61.3779068],[-77.7827687,61.4002412],[-77.7961938,61.4070634],[-77.7804987,61.4109733],[-77.7970096,61.4143388],[-77.8071465,61.4224296],[-77.8000267,61.42584],[-77.8158122,61.4336625],[-77.80846,61.4347019],[-77.8188836,61.4426943],[-77.8127137,61.4631266],[-77.7670648,61.4648309],[-77.7794593,61.4593],[-77.7710023,61.454108],[-77.7781992,61.4505833],[-77.7229382,61.4378437],[-77.7376421,61.4314065],[-77.7240168,61.4231692],[-77.7362007,61.418748],[-77.7025979,61.4216245],[-77.6752276,61.4106307],[-77.6899769,61.4067298],[-77.6666331,61.399573],[-77.6764039,61.3947958],[-77.6734173,61.3892697],[-77.6946853,61.3841217],[-77.6453384,61.3848708],[-77.6113088,61.3977833],[-77.685142,61.4159602],[-77.6971739,61.4256414],[-77.7171027,61.4250682],[-77.7009183,61.4293283],[-77.719072,61.430984],[-77.7012349,61.4422421],[-77.7100713,61.444247],[-77.6975205,61.4442129],[-77.7122603,61.4474089],[-77.7028263,61.4504212],[-77.7105554,61.4576722],[-77.6915374,61.4593288],[-77.7201368,61.4669159],[-77.6242876,61.4590192],[-77.5750869,61.4680665],[-77.5517296,61.4811181],[-77.6231986,61.4979916],[-77.6117018,61.5028276],[-77.7042311,61.5152073],[-77.7067892,61.5227374],[-77.6888703,61.528462],[-77.7127382,61.5380998],[-77.706342,61.5403396],[-77.7106047,61.5440263],[-77.6786902,61.5437707],[-77.6481406,61.5334929],[-77.6402162,61.5392898],[-77.6560387,61.541537],[-77.6548346,61.5466473],[-77.6287251,61.5477979],[-77.6415125,61.5574565],[-77.6081062,61.557918],[-77.5698754,61.5430486],[-77.5392004,61.5477573],[-77.5455955,61.5440153],[-77.5286376,61.5318606],[-77.5202891,61.5369334],[-77.5246073,61.5315296],[-77.5057026,61.5194249],[-77.4972226,61.5256027],[-77.4972853,61.5185208],[-77.4891721,61.5168308],[-77.4856316,61.5179191],[-77.492224,61.5204803],[-77.4910855,61.5317601],[-77.4643928,61.5232765],[-77.5148157,61.5443915],[-77.4957128,61.5466323],[-77.5067138,61.5521011],[-77.655061,61.5718037],[-77.6408923,61.5739848],[-77.6462035,61.5810977],[-77.6363835,61.5829659],[-77.6003946,61.5736634],[-77.5704049,61.5768994],[-77.60065,61.5856541],[-77.5853273,61.5906248],[-77.5823754,61.604454],[-77.5883161,61.6082643],[-77.5990434,61.6088147],[-77.5929951,61.5990265],[-77.6052752,61.5926203],[-77.6503295,61.5967895],[-77.6676959,61.587764],[-77.7281202,61.5929152],[-77.7356841,61.6081426],[-77.7282943,61.6157151],[-77.7366694,61.6242539],[-77.7542144,61.6273923],[-77.7631226,61.6426685],[-77.7871444,61.6471746],[-77.7726406,61.6533213],[-77.7764039,61.6700364],[-77.7941096,61.6784838],[-77.7848913,61.689082],[-77.8402357,61.6796591],[-77.8906462,61.6853407],[-77.9398075,61.6792724],[-77.9947088,61.6990365],[-77.9925169,61.7042357],[-78.004539,61.705865],[-77.9936307,61.7143807],[-78.0216086,61.7275112],[-78.0073392,61.7368605],[-78.0234325,61.7485938],[-78.0142486,61.7641907],[-78.0307174,61.775391],[-78.0255354,61.7814893],[-78.0305457,61.7850199],[-78.018862,61.7889102],[-78.04899,61.79387],[-78.0366826,61.8009583],[-78.0534625,61.8090638],[-78.0491281,61.8134426],[-78.0595565,61.8375959],[-78.0820763,61.8492959],[-78.09214,61.8670273],[-78.0843099,61.8691199],[-78.0922801,61.8907999],[-78.0791473,61.8972036],[-78.07456,61.91731],[-78.0881949,61.9199945],[-78.081336,61.9287639],[-78.1081264,61.96998],[-78.12006,61.97612],[-78.1149388,61.9857202],[-78.1400442,61.9968851],[-78.1446501,61.9925099],[-78.1555581,62.0139672],[-78.1407309,62.0258364],[-78.1566699,62.0736599],[-78.1522966,62.1154457],[-78.17694,62.1316701],[-78.1809637,62.1467537],[-78.1522941,62.1672116],[-78.17353,62.16821],[-78.1645704,62.1790245],[-78.1764364,62.1894979],[-78.1606007,62.1970053],[-78.14916,62.21482],[-78.1606007,62.2169257],[-78.151803,62.2224163],[-78.1696558,62.2357636],[-78.162489,62.2427698],[-78.1674699,62.2446301],[-78.1527794,62.2524068],[-78.1501614,62.2685751],[-78.1241801,62.29571],[-78.150106,62.2850473],[-78.1670863,62.2550202],[-78.1942521,62.2551307],[-78.1665423,62.2626944],[-78.1685163,62.2713261],[-78.161755,62.271155],[-78.1715775,62.2738638],[-78.1468892,62.2900713],[-78.1595493,62.2958778],[-78.1473076,62.2969801],[-78.1477525,62.3044255],[-78.0991701,62.3013301],[-78.1049936,62.3067999],[-78.0938459,62.3088386],[-78.1027669,62.3133104],[-78.1385583,62.314108],[-78.1126857,62.3325564],[-78.104167,62.3296917],[-78.111425,62.3369201],[-78.089891,62.3625588],[-78.07744,62.3636001],[-78.081615,62.3563799],[-78.0686545,62.3680557],[-78.0664766,62.3615764],[-78.0395043,62.3637313],[-78.04923,62.34508],[-78.0626786,62.3504806],[-78.0614984,62.3430811],[-78.0384958,62.3397244],[-78.0371547,62.3536271],[-78.0236042,62.3591575],[-78.0295158,62.3640449],[-78.00708,62.36723],[-78.005054,62.3778418],[-77.9581051,62.3908695],[-77.9534931,62.3882194],[-77.9603266,62.3850517],[-77.951008,62.3849096],[-77.9428341,62.3936907],[-77.926703,62.3887832],[-77.9667265,62.3688408],[-77.9809288,62.3476492],[-77.9487453,62.3753926],[-77.9182076,62.3856451],[-77.9035334,62.3791641],[-77.8970654,62.3789892],[-77.9399404,62.4049297],[-77.9417653,62.4165114],[-77.9316308,62.4236237],[-77.9124468,62.4296871],[-77.9095495,62.4179339],[-77.8757343,62.4044514],[-77.8945631,62.4272118],[-77.8342363,62.430124],[-77.773942,62.4631227],[-77.7230869,62.4653707],[-77.6935478,62.4864713],[-77.6949075,62.4982964],[-77.6753523,62.5125517],[-77.6528252,62.5095644],[-77.5977435,62.5279973],[-77.5774855,62.5126757],[-77.5722517,62.5177614],[-77.5777338,62.5260837],[-77.5630119,62.5311004],[-77.5687095,62.5338392],[-77.5195461,62.5550018],[-77.5189097,62.5714512],[-77.5074374,62.5758315],[-77.5119032,62.581853],[-77.4243573,62.5808081],[-77.4145741,62.5735952],[-77.4203901,62.5597977],[-77.4035965,62.5253154],[-77.3892037,62.5270233],[-77.3880374,62.5441139],[-77.3705344,62.5588302],[-77.3315461,62.547481],[-77.3113039,62.5577061],[-77.2836905,62.5463863],[-77.2665605,62.5511575],[-77.166374,62.537655],[-77.1543053,62.5248913],[-77.1617145,62.5178197],[-77.1556165,62.5074866],[-77.1323121,62.5344489],[-77.1191062,62.5281627],[-77.1151753,62.5365836],[-77.0822452,62.5333997],[-77.0684285,62.5155645],[-77.0686546,62.5007052],[-77.0601778,62.4982117],[-77.061992,62.526164],[-77.0555701,62.5334429],[-77.0380015,62.5179221],[-77.0369906,62.5295574],[-77.0326131,62.5321108],[-77.0252776,62.5266285],[-77.004845,62.5348106],[-76.928094,62.5380108],[-76.9230495,62.5305455],[-76.95476,62.5144495],[-76.9575965,62.5062172],[-76.8934257,62.5327133],[-76.8884758,62.5229064],[-76.9006182,62.5116999],[-76.8992876,62.5017756],[-76.882549,62.4830757],[-76.8848781,62.5094552],[-76.8648877,62.5251316],[-76.855045,62.5252541],[-76.8486706,62.5111727],[-76.8360796,62.5227214],[-76.7969609,62.5224129],[-76.7830336,62.517741],[-76.7837851,62.5112567],[-76.7580186,62.5134465],[-76.7650311,62.4981995],[-76.7343101,62.506624],[-76.705605,62.4976462],[-76.6984911,62.4758056],[-76.6682977,62.4888989],[-76.6337962,62.4777546],[-76.6368295,62.4701041],[-76.6646922,62.4668972],[-76.6588588,62.4629893],[-76.6664897,62.4465826],[-76.6607392,62.4334421],[-76.645006,62.4567051],[-76.6081352,62.4578171],[-76.5890676,62.4445232],[-76.5871895,62.4315329],[-76.5831233,62.4273615],[-76.5753588,62.4233739],[-76.5703743,62.4440759],[-76.5769535,62.452861],[-76.5535095,62.4575774],[-76.5225815,62.4356304],[-76.5243192,62.4435952],[-76.5161484,62.4484401],[-76.4983569,62.4421019],[-76.4822457,62.4460659],[-76.4429232,62.4336562],[-76.4375644,62.4217639],[-76.3933223,62.432587],[-76.3389794,62.4164853],[-76.347054,62.4096539],[-76.3411183,62.4064839],[-76.3078866,62.4192291],[-76.2520824,62.3970291],[-76.224,62.3997894],[-76.1889154,62.3840616],[-76.1082999,62.3770816],[-76.0911519,62.3600927],[-76.1219003,62.3360646],[-76.1158732,62.3332727],[-76.0250518,62.3552046],[-76.0146361,62.3387244],[-76.0297107,62.3258121],[-76.0264716,62.3048713],[-76.0136867,62.310435],[-76.0188232,62.3248451],[-76.0056009,62.3258658],[-75.9986786,62.3380184],[-75.9774848,62.3496664],[-75.948324,62.3525806],[-75.8794972,62.3299671],[-75.8778301,62.3235965],[-75.8089609,62.3136441],[-75.808784,62.3083677],[-75.7136532,62.3043387],[-75.6915165,62.2939109],[-75.6587321,62.2972681],[-75.6227707,62.2911553],[-75.6158872,62.2872576],[-75.6224615,62.2786306],[-75.5612507,62.271908],[-75.5781252,62.2595486],[-75.6817906,62.241213],[-75.6957081,62.2246947],[-75.7404721,62.2056937],[-75.796603,62.2022625],[-75.8864315,62.1678435],[-75.8524216,62.1578939],[-75.8084172,62.1635557],[-75.7753482,62.1521595],[-75.7961197,62.1714142],[-75.7851198,62.1881035],[-75.7304503,62.1845781],[-75.6855267,62.2068829],[-75.6385358,62.208521],[-75.6430668,62.2167077],[-75.6291743,62.2299992],[-75.5899579,62.2287696],[-75.5844063,62.2300968],[-75.5984555,62.2300668],[-75.5313308,62.2497823],[-75.5141622,62.2713208],[-75.4597707,62.3025838],[-75.4464504,62.3012662],[-75.4253183,62.2635394],[-75.380469,62.2576728],[-75.4093378,62.2703243],[-75.4145384,62.3072034],[-75.3420028,62.3169129],[-75.2739531,62.2973324],[-75.1181514,62.2801141],[-75.1065067,62.263399],[-75.1333315,62.2236595],[-75.1283298,62.2192703],[-75.0880932,62.2442595],[-75.0792339,62.2673162],[-75.0608587,62.2721066],[-74.9663997,62.2654557],[-74.9152217,62.2531967],[-74.8470225,62.220691],[-74.8439749,62.2078716],[-74.8578439,62.1900406],[-74.8170226,62.2035075],[-74.7875899,62.1826896],[-74.7449055,62.1730425],[-74.7386983,62.1565611],[-74.768194,62.140482],[-74.7663807,62.1379726],[-74.7702235,62.1378929],[-74.7697676,62.132389],[-74.7200457,62.1587376],[-74.6347555,62.1191975],[-74.5683175,62.1200609],[-74.5332801,62.1092722],[-74.5422555,62.0992866],[-74.5518047,62.0992857],[-74.5531772,62.0983788],[-74.5562792,62.0986094],[-74.5577891,62.0981237],[-74.557976,62.0976849],[-74.5283883,62.0952679],[-74.5162607,62.0993002],[-74.5112626,62.097875],[-74.5,62.098058],[-74.5,62.098761],[-74.5132452,62.1006422],[-74.5322323,62.0966193],[-74.5391789,62.1011264],[-74.5269745,62.1087163],[-74.5601664,62.126667],[-74.6474093,62.1474217],[-74.7028903,62.1927831],[-74.7481996,62.2092049],[-74.7176649,62.2230964],[-74.7212258,62.2292459],[-74.7064331,62.2446277],[-74.7137193,62.2516238],[-74.7064505,62.2552193],[-74.6057173,62.2593192],[-74.5123897,62.2430287],[-74.4390653,62.248224],[-74.4223467,62.2421769],[-74.3771111,62.2587962],[-74.3528332,62.2558],[-74.3297118,62.2677191],[-74.3357266,62.2758861],[-74.3206942,62.2839513],[-74.312091,62.2796815],[-74.3126075,62.2710943],[-74.2816849,62.2813544],[-74.2875954,62.2902313],[-74.2622564,62.3010763],[-74.2614528,62.3118861],[-74.2712643,62.3148451],[-74.2220222,62.3235579],[-74.2126531,62.3269352],[-74.2195684,62.3307599],[-74.1942458,62.3382638],[-74.1751115,62.3398939],[-74.1843574,62.332757],[-74.1735487,62.3354464],[-74.180869,62.3256807],[-74.1630373,62.3238403],[-74.1323446,62.3370514],[-74.0782598,62.345359],[-74.0862312,62.3521457],[-74.080311,62.3543932],[-74.0473144,62.3526649],[-74.0123503,62.3655945],[-73.9900968,62.3606635],[-73.9813176,62.3671371],[-73.9938858,62.371075],[-73.978811,62.3734954],[-73.986564,62.3742609],[-73.9956388,62.3792553],[-73.9775977,62.3777029],[-73.9524395,62.3972449],[-73.95443,62.4040665],[-73.9230657,62.4146283],[-73.9146839,62.4304406],[-73.8455468,62.4649473],[-73.8254263,62.4584],[-73.7330129,62.4775368],[-73.7139207,62.4745834],[-73.7072216,62.4835247],[-73.6718131,62.4802205],[-73.6581143,62.4739842],[-73.6433162,62.4524795],[-73.6141878,62.4424368],[-73.6238831,62.4325516],[-73.5969223,62.4275954],[-73.6039399,62.4234216],[-73.5965721,62.4153962],[-73.6163954,62.4127306],[-73.6148196,62.4070269],[-73.5754158,62.4069442],[-73.5471521,62.3875867],[-73.5540548,62.3793979],[-73.5137047,62.3827747],[-73.5006886,62.3927412],[-73.464582,62.3886402],[-73.4406058,62.3800894],[-73.4507868,62.3554312],[-73.3830494,62.3763145],[-73.3628872,62.3578812],[-73.3243337,62.3475106],[-73.3134151,62.3287007],[-73.1917529,62.3150201],[-73.1844859,62.3011914],[-73.1996572,62.2922999],[-73.1895956,62.279755],[-73.2104127,62.2756138],[-73.2115403,62.2694866],[-73.1761367,62.2663184],[-73.1628006,62.2533409],[-73.1308851,62.2418076],[-73.1361237,62.23833],[-73.1092955,62.23199],[-73.111378,62.2237406],[-73.0974296,62.2131229],[-73.0553338,62.2063613],[-73.0578858,62.1828863],[-73.0171837,62.1835444],[-72.9960454,62.1747549],[-72.9837214,62.1791968],[-72.9651672,62.1687611],[-72.9933754,62.1661345],[-72.8875764,62.1542995],[-72.8818291,62.1519183],[-72.904417,62.1445516],[-72.8725564,62.1382144],[-72.8835197,62.1279933],[-72.9133854,62.1211058],[-72.9443067,62.1200378],[-72.9469804,62.1179333],[-72.867815,62.1089062],[-72.8187371,62.1271377],[-72.8207258,62.1198391],[-72.7887136,62.111815],[-72.7962918,62.1338366],[-72.7513748,62.1439257],[-72.6983188,62.1377121],[-72.6929943,62.1293942],[-72.6744613,62.1325125],[-72.6118901,62.111108],[-72.6003786,62.0943557],[-72.6099971,62.0913908],[-72.6003875,62.0828677],[-72.6181115,62.0778113],[-72.6063186,62.0681633],[-72.6679493,62.0614213],[-72.6392223,62.052057],[-72.5842367,62.053673],[-72.5881591,62.0431455],[-72.6247662,62.0443456],[-72.6120879,62.0294596],[-72.5931613,62.0268925],[-72.6100756,62.0195058],[-72.5927381,62.0222866],[-72.5926029,62.0131582],[-72.6280395,62.0195406],[-72.6044796,62.0105981],[-72.6013993,62.0010503],[-72.5819534,61.999384],[-72.6010808,61.9826877],[-72.5759981,61.9827538],[-72.5942506,61.9759887],[-72.581932,61.9714134],[-72.6805887,61.9544667],[-72.6720837,61.9528428],[-72.6784583,61.9415226],[-72.6683448,61.9389605],[-72.6766172,61.9370587],[-72.6543963,61.9242107],[-72.6694056,61.8993828],[-72.7103049,61.8828386],[-72.7291171,61.8570974],[-72.7895075,61.8377162],[-72.7977217,61.8235606],[-72.7420669,61.8474579],[-72.7106638,61.8487825],[-72.6895454,61.8751684],[-72.6463576,61.884898],[-72.639092,61.8408301],[-72.6085895,61.8270553],[-72.6144266,61.8127792],[-72.5934262,61.799414],[-72.5984506,61.7888691],[-72.5934679,61.7842974],[-72.590456,61.8001289],[-72.5953432,61.8045852],[-72.5885231,61.8058324],[-72.5959289,61.8146875],[-72.58691,61.8249232],[-72.6153464,61.846149],[-72.6127011,61.8805365],[-72.6289567,61.8950368],[-72.6091521,61.9099611],[-72.6073713,61.9378608],[-72.5846463,61.9515147],[-72.5665124,61.9508069],[-72.5551448,61.9450315],[-72.5624747,61.9429618],[-72.5563103,61.9379208],[-72.5211267,61.9241512],[-72.4909013,61.9300522],[-72.4734834,61.9253717],[-72.4450047,61.9122984],[-72.4522824,61.9057979],[-72.443842,61.8980915],[-72.4231045,61.9057801],[-72.3941194,61.8983615],[-72.3849821,61.8875471],[-72.3682467,61.8969854],[-72.3245543,61.8846878],[-72.2792371,61.8908488],[-72.2097487,61.8747075],[-72.1802963,61.8537133],[-72.1803076,61.8391075],[-72.198303,61.8362812],[-72.163267,61.827986],[-72.1100154,61.7950464],[-72.1449872,61.7992142],[-72.1730437,61.7894914],[-72.2285672,61.7924257],[-72.268464,61.7894646],[-72.2663553,61.7852123],[-72.2140593,61.7860042],[-72.1722516,61.7756415],[-72.2154946,61.7702621],[-72.2260908,61.7579819],[-72.2065277,61.7556862],[-72.2090734,61.7432615],[-72.1559389,61.7454694],[-72.1558013,61.7548781],[-72.1231514,61.7676074],[-72.0815105,61.7613274],[-72.072536,61.7575604],[-72.0774087,61.7511178],[-72.0966234,61.75],[-72.0689832,61.7437026],[-72.0507918,61.7490384],[-72.0367644,61.7311777],[-72.0069814,61.7269172],[-72.0179773,61.7113618],[-72.0102236,61.700935],[-72.0181713,61.690479],[-71.980542,61.678458],[-71.9800458,61.663933],[-71.9968799,61.6553248],[-72.0128039,61.6309536],[-72.0472472,61.6336448],[-72.0405936,61.6249086],[-72.0589031,61.617316],[-72.0647431,61.6107552],[-72.0600185,61.60375],[-72.1175511,61.6014831],[-72.1798778,61.618635],[-72.2013549,61.6103216],[-72.2534177,61.6082837],[-72.251122,61.5926142],[-72.2768441,61.575172],[-72.2689232,61.5556014],[-72.2663322,61.5762225],[-72.2549998,61.5735628],[-72.2381563,61.5875405],[-72.1890355,61.6057138],[-72.1706904,61.6065752],[-72.1591309,61.6028499],[-72.1721468,61.5988557],[-72.1177066,61.58445],[-72.0172782,61.5838361],[-72.011799,61.5997922],[-71.9644628,61.5947266],[-71.9585695,61.6129071],[-71.9449019,61.6235234],[-71.948255,61.638458],[-71.910388,61.6578723],[-71.911885,61.6731085],[-71.9193803,61.6765184],[-71.914545,61.6917888],[-71.9406469,61.6900847],[-71.9524939,61.699477],[-71.9396587,61.7074615],[-71.8967422,61.7056806],[-71.8981649,61.6941949],[-71.8612544,61.7010227],[-71.8077099,61.6945368],[-71.8032355,61.6869059],[-71.812199,61.6753079],[-71.805766,61.6728149],[-71.770815,61.6845163],[-71.7643594,61.6794625],[-71.7677065,61.6688836],[-71.7453424,61.6783913],[-71.710651,61.6603002],[-71.7008481,61.6679315],[-71.6741038,61.6562069],[-71.6451791,61.65843],[-71.626396,61.6531109],[-71.6121664,61.6371077],[-71.5803305,61.6341125],[-71.5508683,61.6173399],[-71.5502707,61.5985247],[-71.5580392,61.5925101],[-71.5418464,61.5932367],[-71.5214039,61.579794],[-71.5398789,61.5648598],[-71.5560446,61.5653801],[-71.5683028,61.5764782],[-71.5897657,61.5663431],[-71.6159975,61.5732543],[-71.612314,61.5686044],[-71.6212783,61.5670503],[-71.6000515,61.5555203],[-71.7770745,61.5452033],[-71.7708582,61.5410005],[-71.8120562,61.5467189],[-71.7988362,61.5380457],[-71.8228664,61.5398893],[-71.8367332,61.5395827],[-71.8271569,61.5363359],[-71.8364109,61.5350019],[-71.8378009,61.5309505],[-71.7807423,61.5310147],[-71.7667794,61.5238035],[-71.7776038,61.5194743],[-71.7723148,61.5134207],[-71.7450015,61.5069536],[-71.8058686,61.4965332],[-71.7076978,61.4696935],[-71.7401835,61.4709747],[-71.7692694,61.4658647],[-71.804341,61.4479192],[-71.8550324,61.4441701],[-71.8629953,61.431168],[-71.8533899,61.4259733],[-71.867637,61.4235857],[-71.8170415,61.41982],[-71.7779056,61.4273471],[-71.7637919,61.4227922],[-71.7875011,61.41884],[-71.7592147,61.4151726],[-71.7419259,61.4212978],[-71.6882489,61.4061591],[-71.6745523,61.4109274],[-71.6410992,61.4069531],[-71.635064,61.4111499],[-71.645967,61.4126053],[-71.6240365,61.4189335],[-71.5701975,61.4107021],[-71.5688757,61.4037681],[-71.6373976,61.4067757],[-71.6095765,61.3984705],[-71.6200128,61.3947903],[-71.6521268,61.4076586],[-71.6631316,61.4064077],[-71.664533,61.3997624],[-71.6468419,61.402861],[-71.6600382,61.398231],[-71.6438502,61.3943055],[-71.6568357,61.3937481],[-71.6348514,61.3775879],[-71.7066826,61.3699017],[-71.7846654,61.3855111],[-71.8379183,61.3776657],[-71.9164556,61.3936491],[-71.8621068,61.3738456],[-71.7963283,61.3748023],[-71.7677686,61.3630917],[-71.8185093,61.3511086],[-71.8219276,61.3443928],[-71.7594402,61.3554552],[-71.7080697,61.3529578],[-71.6773565,61.3495856],[-71.6974807,61.339214],[-71.6780492,61.3277281],[-71.6410017,61.3264018],[-71.6752575,61.3189732],[-71.6906632,61.3308473],[-71.7118094,61.3251109],[-71.7478459,61.3305074],[-71.7269308,61.3191938],[-71.6949237,61.3216416],[-71.705986,61.3192156],[-71.6911609,61.3135307],[-71.7072583,61.3105984],[-71.7208067,61.2967796],[-71.7430763,61.2972695],[-71.7358184,61.2922203],[-71.7819225,61.3000713],[-71.774831,61.2933043],[-71.7991971,61.2797129],[-71.7828956,61.2783092],[-71.7610411,61.2914998],[-71.7316213,61.2837944],[-71.737838,61.2807132],[-71.652252,61.2728769],[-71.6595066,61.2687128],[-71.6338055,61.2725812],[-71.5789152,61.2538368],[-71.5702963,61.2449019],[-71.5967411,61.2375014],[-71.6282828,61.1956222],[-71.6180934,61.1861411],[-71.6051419,61.208202],[-71.5462112,61.2242561],[-71.5500519,61.2207201],[-71.5363255,61.2073592],[-71.5487476,61.1926198],[-71.5363383,61.183655],[-71.5551024,61.1748277],[-71.549458,61.1694938],[-71.5790845,61.1636631],[-71.552146,61.1572318],[-71.4871379,61.1679775],[-71.4903491,61.1734161],[-71.4795051,61.1768494],[-71.5046606,61.1780454],[-71.5207546,61.1899336],[-71.5156426,61.2070684],[-71.5214493,61.2174296],[-71.5070019,61.2218308],[-71.5074208,61.2104004],[-71.4895672,61.2229569],[-71.4384209,61.2241595],[-71.4324058,61.2112018],[-71.4429195,61.2002103],[-71.4404122,61.1890505],[-71.4541495,61.1844852],[-71.4359739,61.1813661],[-71.4440486,61.1708912],[-71.4161342,61.1639374],[-71.4162423,61.1728341],[-71.4078713,61.1755271],[-71.382561,61.1653148],[-71.4307489,61.1373172],[-71.4235699,61.1273902],[-71.4346716,61.1189549],[-71.4100828,61.1211848],[-71.4182256,61.1365906],[-71.3850514,61.1483643],[-71.3771456,61.1446246],[-71.3959596,61.1232188],[-71.3703091,61.1156497],[-71.3742678,61.1273376],[-71.3663394,61.1404369],[-71.3426515,61.1576618],[-71.325469,61.1602965],[-71.3138526,61.1530436],[-71.2926158,61.159365],[-71.2778572,61.1460047],[-71.260458,61.1580006],[-71.2180781,61.1625647],[-71.2127005,61.1580003],[-71.2227055,61.1469686],[-71.2194006,61.1346647],[-71.2044052,61.1314815],[-71.194165,61.143659],[-71.1826216,61.1412283],[-71.2045236,61.1211167],[-71.1645682,61.0909142],[-71.1807162,61.1176952],[-71.1608254,61.1429656],[-71.1429563,61.1404304],[-71.1510714,61.1306898],[-71.1156443,61.1350098],[-71.1153423,61.1167795],[-71.1043646,61.127096],[-71.0930179,61.1178855],[-71.0861542,61.1271785],[-71.0669312,61.1259319],[-71.0434983,61.1359147],[-71.0367069,61.1272794],[-71.0272446,61.1339186],[-70.9894614,61.1281619],[-70.979593,61.1225699],[-70.9871487,61.1157362],[-70.9722882,61.1179161],[-70.9697879,61.109888],[-70.9553645,61.1084299],[-70.952468,61.1164665],[-70.9346316,61.1155045],[-70.9122072,61.1007437],[-70.9470109,61.0521613],[-70.9384417,61.0449705],[-70.9303809,61.0505486],[-70.9289622,61.0707161],[-70.9189106,61.0767573],[-70.8988533,61.0676773],[-70.8936581,61.07155],[-70.9046,61.0812016],[-70.889245,61.0850357],[-70.8620771,61.0679494],[-70.8345444,61.0787289],[-70.7958948,61.0633911],[-70.8023287,61.0524833],[-70.7983346,61.0418933],[-70.7919495,61.0420185],[-70.7935019,61.0527528],[-70.7772515,61.0564398],[-70.7606551,61.0470441],[-70.7227362,60.9996532],[-70.7191978,61.0039831],[-70.746958,61.0518609],[-70.7683789,61.0738151],[-70.7615084,61.0832657],[-70.7318953,61.0840885],[-70.7417644,61.0673528],[-70.7118553,61.0805514],[-70.7170716,61.0656991],[-70.7116703,61.0591699],[-70.6957442,61.0722067],[-70.6863232,61.0575907],[-70.6439056,61.0542387],[-70.6477806,61.0430179],[-70.6667774,61.0421629],[-70.6795464,61.0202759],[-70.6577449,61.0155705],[-70.6635431,61.021625],[-70.6215443,61.0395251],[-70.5899024,61.0119415],[-70.5757338,61.0252132],[-70.5289734,61.008726],[-70.5240499,61.0105403],[-70.5531292,61.0475495],[-70.5389938,61.0395017],[-70.531292,61.0469543],[-70.5136671,61.0403316],[-70.521194,61.0471755],[-70.5042382,61.0492996],[-70.5166231,61.0581353],[-70.4925127,61.0704244],[-70.4585883,61.0426622],[-70.4588027,61.0250663],[-70.4429144,61.0162467],[-70.445893,61.0267315],[-70.4336116,61.0272026],[-70.4165858,61.0161883],[-70.4170289,61.0066363],[-70.40303,61.0079113],[-70.4028268,61.0229805],[-70.4239331,61.0467166],[-70.4264072,61.0708738],[-70.3578157,61.0402811],[-70.369892,61.0520133],[-70.3609045,61.054109],[-70.4104172,61.0859342],[-70.4051767,61.0899609],[-70.3781832,61.0887979],[-70.3620497,61.069799],[-70.3529693,61.0708191],[-70.332233,61.0532274],[-70.3277728,61.0575661],[-70.3472681,61.0871233],[-70.3299649,61.0813847],[-70.3196824,61.090833],[-70.3059472,61.0822617],[-70.3044834,61.1008664],[-70.2889074,61.0912496],[-70.271743,61.0905435],[-70.2628433,61.0992068],[-70.2554826,61.0916927],[-70.2392975,61.0923355],[-70.2345825,61.0800991],[-70.2458656,61.0757871],[-70.2340387,61.0720481],[-70.2436629,61.0666478],[-70.2410488,61.0601639],[-70.233623,61.0661107],[-70.2327137,61.0577373],[-70.2192015,61.0693574],[-70.2101845,61.0660543],[-70.208424,61.0769856],[-70.1990211,61.0803606],[-70.1954575,61.0684885],[-70.1671157,61.0900076],[-70.1300487,61.0907926],[-70.1290612,61.0809175],[-70.1453678,61.0616493],[-70.1070091,61.0700425],[-70.1058047,61.053623],[-70.1471304,61.0291429],[-70.1526691,61.0060396],[-70.1607247,61.000983],[-70.1150549,60.9863746],[-70.1134662,60.9595015],[-70.0940834,60.9636313],[-70.1036617,60.9734023],[-70.0937518,60.9707542],[-70.0806491,60.934394],[-70.0946418,60.9260171],[-70.0774114,60.8989034],[-70.0802904,60.8886833],[-70.1284743,60.8909043],[-70.1439933,60.8814062],[-70.1260874,60.872801],[-70.0820972,60.8810575],[-70.054706,60.870298],[-70.0800132,60.8595792],[-70.0605487,60.8503249],[-70.0650681,60.8327763],[-70.0406242,60.844113],[-69.9886233,60.8448269],[-69.9821699,60.8379085],[-69.9888164,60.8373883],[-69.9977857,60.8324422],[-69.9742359,60.836361],[-69.964301,60.8233348],[-69.9011457,60.80019],[-69.8804498,60.8036705],[-69.8828852,60.8153915],[-69.8554409,60.830246],[-69.8339939,60.8624365],[-69.8437893,60.8619455],[-69.8519199,60.84908],[-69.8737818,60.8509235],[-69.8812437,60.8344761],[-69.8956901,60.8311454],[-69.8984635,60.8228667],[-69.9254453,60.8328218],[-69.9195886,60.8463845],[-69.846611,60.8623739],[-69.8238766,60.8937962],[-69.7991145,60.889694],[-69.7929025,60.9016548],[-69.7703076,60.90478],[-69.7687948,60.914018],[-69.7554267,60.9165422],[-69.7621107,60.9185082],[-69.72745,60.9112199],[-69.7502339,60.8935248],[-69.7370482,60.8740264],[-69.7130156,60.8718278],[-69.7164273,60.8763188],[-69.6995831,60.8825894],[-69.6944547,60.8697284],[-69.6711946,60.8804854],[-69.6760869,60.8729402],[-69.6652293,60.8691016],[-69.638139,60.8812059],[-69.6347165,60.8915781],[-69.642452,60.8924654],[-69.6317768,60.894626],[-69.6435356,60.9068198],[-69.633826,60.9077222],[-69.6331501,60.9189619],[-69.6507883,60.9222731],[-69.6832001,60.946145],[-69.6849167,60.9552044],[-69.6650845,60.9687027],[-69.6826637,60.9904535],[-69.6676541,60.986577],[-69.6780825,60.9977837],[-69.6585345,61.0010814],[-69.6838278,61.0166008],[-69.6647841,61.0127197],[-69.67812,61.0200188],[-69.6674448,61.0273707],[-69.629969,61.0244655],[-69.6476287,61.0420332],[-69.6336039,61.0480628],[-69.6493242,61.0540157],[-69.6292073,61.0614393],[-69.6241057,61.0529814],[-69.6178991,61.0630719],[-69.6060222,61.0619454],[-69.6117944,61.0709666],[-69.6041071,61.0734317],[-69.612878,61.078766],[-69.5500139,61.0789716],[-69.4947199,61.0646282],[-69.4583265,60.98655],[-69.4326002,60.9518226],[-69.3728459,60.920524],[-69.3898163,60.8789711],[-69.3634109,60.8075943],[-69.6098336,60.7315119],[-69.6194305,60.7062187],[-69.6962296,60.6905781],[-69.6744045,60.6650633],[-69.6847477,60.6425459],[-69.6643753,60.6314545],[-69.6648482,60.6049537],[-69.6269465,60.5840001],[-69.7014618,60.5454941],[-69.7582791,60.542681],[-69.8038577,60.5249211],[-69.7913666,60.4986305],[-69.7169342,60.4556885],[-69.7598231,60.4194774],[-69.7093201,60.3991928],[-69.6680992,60.3579892],[-69.7500007,60.303639],[-69.6443863,60.2602119],[-69.5468963,60.1982689],[-69.5814947,60.1377339],[-69.5674762,60.1125719],[-69.5404519,60.0929625],[-69.557076,60.0723502],[-69.5879821,59.9612896],[-69.6155529,59.9559466],[-69.6137737,59.928773],[-69.6240016,59.9240933],[-69.618854,59.907406],[-69.5114807,59.8841112],[-69.4899778,59.8691976],[-69.5473604,59.8126835],[-69.539849,59.7573742],[-69.5484637,59.7439636],[-69.6132993,59.7041029],[-69.5986027,59.6950047],[-69.5320687,59.6867549],[-69.4848327,59.6680124],[-69.5006498,59.6229389],[-69.5302067,59.5960573],[-69.638768,59.5591757],[-69.6769027,59.5152976],[-69.6056805,59.4309548],[-69.6017927,59.3484694],[-69.59152,59.3417687],[-69.5403319,59.3441794],[-69.4574238,59.3720259],[-69.3628694,59.3543712],[-69.341272,59.3284358],[-69.2689647,59.342679],[-69.2360313,59.3336719],[-69.2243565,59.3203202],[-69.2226685,59.3055589],[-69.2545012,59.286459],[-69.2059646,59.2542191],[-69.2228562,59.2215214],[-69.2737288,59.1962708],[-69.3616829,59.1831978],[-69.4651394,59.1914144],[-69.4817193,59.1734784],[-69.4712155,59.1523372],[-69.436938,59.1430625],[-69.3915308,59.1430156],[-69.3347733,59.1629272],[-69.2436922,59.1734848],[-69.1549802,59.1476244],[-69.1548799,59.1080179],[-69.1471094,59.0964016],[-69.1099094,59.0656594],[-69.0817166,59.0575959],[-69.0830508,59.0434926],[-69.1020732,59.0270246],[-69.1985384,58.9719855],[-69.1912301,58.9451862],[-69.1698604,58.9269495],[-68.9842527,58.9179069],[-68.9127262,58.8973393],[-68.8503233,58.9094124],[-68.8192609,58.9276421],[-68.6274332,58.9193408],[-68.5241739,58.8930666],[-68.3389055,58.8161173],[-68.3197222,58.7917837],[-68.3144417,58.7715678],[-68.3426004,58.734683],[-68.348308,58.6935097],[-68.3252975,58.6818418],[-68.2761485,58.6034841],[-68.1907171,58.5717583],[-68.1241847,58.5624876],[-68.0617038,58.5686192],[-68,58.587462],[-67.9192804,58.5286749],[-67.9228638,58.5097782],[-67.9012548,58.499292],[-67.9074513,58.4505525],[-67.9349118,58.4175951],[-67.9247702,58.392427],[-67.9119856,58.3880439],[-67.8672975,58.3911165],[-67.8533711,58.4032094],[-67.8218179,58.445565],[-67.8080734,58.4812963],[-67.7644896,58.4835918],[-67.7177087,58.4696731],[-67.6862925,58.4421625],[-67.6782498,58.4104934],[-67.7029365,58.3417502],[-67.6987302,58.2989785],[-67.6684989,58.2762535],[-67.591085,58.2602552],[-67.3240267,58.3362118],[-67.1848144,58.416886],[-67.0825372,58.4437536],[-67.0134019,58.4434419],[-66.9569782,58.5099319],[-66.9302335,58.5158864],[-66.8862588,58.4993114],[-66.8463581,58.4720573],[-66.8339088,58.478103],[-66.8180525,58.5052361],[-66.795003,58.5113916],[-66.7401222,58.5160225],[-66.6725058,58.5000689],[-66.6636697,58.5097555],[-66.6745755,58.5188846],[-66.6758379,58.5347538],[-66.6507156,58.5641703],[-66.6344242,58.6049516],[-66.5472759,58.7150648],[-66.534535,58.7253639],[-66.4660088,58.7286574],[-66.4578994,58.7431281],[-66.4787038,58.7739975],[-66.4861095,58.8079283],[-66.4704455,58.8324369],[-66.4452377,58.8481497],[-66.3871225,58.8611414],[-66.1592431,58.8608432],[-66.1375281,58.8685364],[-66.0958658,58.8615097],[-65.9904194,58.9164144],[-65.9525938,58.9579618],[-65.9766743,58.9352828],[-66.0335932,58.9461539],[-66.0556214,58.9694136],[-66.0383362,58.977947],[-65.9734819,58.9851504],[-65.9421949,58.9688259],[-65.9345328,58.9777589],[-65.9400057,58.9867836],[-65.9259585,58.9989069],[-65.9336206,59.0020075],[-65.9226749,59.0278352],[-65.9288776,59.0354388],[-65.9212154,59.0450115],[-65.9255938,59.0585212],[-65.8543541,59.1302027],[-65.8633616,59.1373392],[-65.8516176,59.1468133],[-65.8476953,59.1368011],[-65.8362934,59.1484505],[-65.8422225,59.1640704],[-65.8118182,59.1869768],[-65.7988351,59.2069597],[-65.8447578,59.2256984],[-65.8594669,59.2538719],[-65.8494469,59.28],[-65.6400884,59.4133917],[-65.5907182,59.4361504],[-65.6019605,59.4457735],[-65.5647445,59.4485556],[-65.5698526,59.4548608],[-65.555623,59.4522646],[-65.5274173,59.4694265],[-65.50858,59.4918051],[-65.5098759,59.5027432],[-65.5003286,59.5020511],[-65.4380594,59.5711158],[-65.4424579,59.5908833],[-65.4617931,59.6130644],[-65.4816954,59.6178514],[-65.520606,59.6590482],[-65.5606005,59.680917],[-65.565973,59.6959938],[-65.5566369,59.7191903],[-65.5592203,59.7359253],[-65.4534678,59.8238236],[-65.2998846,59.9043009],[-65.2704258,59.9085446],[-65.2595367,59.9156879],[-65.2612245,59.9253904],[-65.238742,59.9248303],[-65.2315408,59.9401788],[-65.2138633,59.9494276],[-65.2094905,59.9681294],[-65.1495385,60.0148815],[-65.1388346,60.0407508],[-65.1480551,60.0454554],[-65.1350002,60.0492351],[-65.142406,60.0635051],[-65.0780269,60.0965409],[-65.071974,60.1097839],[-65.0563854,60.1129178],[-65.0276935,60.1350381],[-65.0055172,60.1650656],[-64.971902,60.1672504],[-64.9474502,60.2238601],[-64.9532514,60.2368463],[-64.9711557,60.2431341],[-64.9654278,60.2574465],[-64.9426164,60.2744359],[-64.8953078,60.2856942],[-64.85242,60.3099725],[-64.8438754,60.3220586],[-64.8454032,60.3415643],[-64.8629416,60.3614625],[-64.8582303,60.370971],[-64.8275644,60.374666],[-64.7380045,60.3513506],[-64.7334259,60.3671626],[-64.6270717,60.3464833],[-64.5174759,60.3043982],[-64.5339846,60.3410616],[-64.4914076,60.3726056],[-64.3505412,60.3813107],[-64.0260853,60.4770255],[-64.1206287,60.6102344],[-64.1747967,60.7242294],[-64.33399,61.2816],[-64.1508856,61.4531303],[-64.1275256,61.4865847],[-64.1168206,61.5214828],[-64.1294419,61.5827453],[-64.2055442,61.7107081],[-64.2766956,61.807735],[-64.0544161,62.1919767],[-63.3688022,62.6712564],[-63.3304014,62.7193983],[-63.2549253,62.8718606],[-63.2460808,62.9116197],[-63.2529678,62.9470164],[-63.4548733,63.4644522],[-63.4732956,63.6333164],[-63.4833289,63.6634561],[-63.7064183,63.9708919],[-63.7934442,64.0787575],[-63.9622978,64.2536994],[-62.888565,64.7523222],[-62.8234417,64.8029833],[-62.519815,65.1699844],[-61.786345,65.4963331],[-61.7242308,65.5318225],[-61.6888736,65.5637336],[-61.6455433,65.6258278],[-61.4757461,65.9394378],[-61.0126831,66.2759717],[-60.7788575,66.5632189],[-60.7625861,66.5938136],[-60.7583658,66.6215664],[-60.7685889,66.6653928],[-60.7921575,66.7163436],[-60.8566611,66.7781586],[-60.9268033,66.814575],[-60.9718067,66.8488594],[-61.3017922,67.0472686],[-61.7399364,67.2643544],[-62.1972644,67.4048842],[-62.7848022,67.4994897],[-63.5445689,67.7804181],[-64.3682278,68.1312992],[-64.6606933,68.2123878],[-65.3661772,68.3583556],[-66.0929592,68.6415006],[-66.0999775,69.2456419],[-66.1091486,69.2858283],[-66.1384853,69.3292086],[-66.4626786,69.700125],[-66.5544267,69.8020519],[-66.5968308,69.8337381],[-66.6425278,69.9087892],[-66.6559661,69.9982161],[-66.6772056,70.035705],[-66.7474808,70.1017483],[-66.7891914,70.1295969],[-66.8940622,70.1726092],[-67.1236919,70.3001],[-67.2543661,70.3433319],[-67.6851156,70.6126969],[-67.8751294,70.6997028],[-68.0701733,70.7608689],[-68.5011758,70.832695],[-68.6934228,70.8824725],[-68.7846817,70.9214589],[-68.9101686,70.9547792],[-69.4573556,71.0364753],[-70.3575906,71.2672875],[-70.5753939,71.3445478],[-70.7581986,71.4765917],[-70.8578181,71.5211011],[-70.9435019,71.5737192],[-71.0878625,71.6304758],[-71.1854386,71.6585519],[-71.4625364,71.7060514],[-71.617285,71.7428492],[-71.91667,71.7734775],[-72.2954956,71.8436661],[-72.9355089,71.8849153],[-73.142975,71.9231439],[-73.7354189,72.2068217],[-74.2225422,72.3737594],[-74.4468667,72.4173122],[-74.4953464,72.4624969],[-74.4899092,72.5022447],[-74.5124919,72.5433225],[-74.5579353,72.5789833],[-74.61847,72.6085936],[-74.8157519,72.6647161],[-75.0260664,72.6942642],[-75.3753619,72.9129239],[-75.3725939,72.951515],[-75.3949111,72.989125],[-75.4641356,73.0370119],[-75.5678456,73.0762333],[-75.5649953,73.1042867],[-75.5755717,73.1318989],[-75.6358772,73.1845],[-75.7284356,73.224995],[-75.8792839,73.2675358],[-75.9214897,73.3058683],[-75.9956131,73.3432797],[-76.0528633,73.4022119],[-76.1133717,73.4362511],[-76.2583269,73.4829075],[-76.4391117,73.5134217],[-76.46399,73.5446436],[-76.5106683,73.57674],[-76.6204856,73.6281506],[-76.7075394,73.6573975],[-77.0911658,73.7313236],[-77.3257469,73.7553803],[-77.5151281,73.7876247],[-77.7018394,73.8337044],[-77.9471542,73.8639308],[-78.2491667,73.872185],[-78.9699778,73.8635756],[-79.2376017,73.8446114],[-79.335055,73.8567247],[-79.4521922,74.5293917],[-78.9384044,74.6795333],[-78.6672019,74.7801647],[-78.5892839,74.8243597],[-78.559405,74.8589406],[-78.5533886,74.8943592],[-78.70919,75.1958333],[-78.6760936,75.2301706],[-78.6546533,75.28285],[-78.6647781,75.3174606],[-78.6969586,75.3499339],[-78.04146,75.7941408],[-78.0162675,75.8368108],[-78.0053669,76.0246897],[-77.6052864,76.3767867],[-77.4574947,76.4215542],[-77.3677572,76.4750578],[-77.2252653,76.5031786],[-77.1084919,76.5390983],[-76.9889769,76.5976689],[-76.9400217,76.6377147],[-76.9284136,76.6618733],[-76.9294225,76.6855033],[-76.9088756,76.7172869],[-76.9097869,76.7467783],[-76.8679631,76.8063119],[-76.8698736,76.8444708],[-76.9038289,76.8818428],[-76.9730233,76.9187883],[-77.0047956,76.9477944],[-77.0155283,76.9728419],[-77.0391822,76.9965569],[-77.1165642,77.0381094],[-77.27049,77.3469919],[-77.1769064,77.3828536],[-77.0971336,77.4246375],[-77.0606333,77.4530567],[-75.2210925,77.8136369],[-75.0737458,77.8508569],[-74.9560794,77.8968072],[-74.7647172,77.9570425],[-74.7009636,77.9928128],[-74.6715122,78.0287133],[-74.1294325,78.2506883],[-73.7166267,78.4764028],[-73.6149539,78.4963895],[-73.1099334,78.753813],[-73.3654914,79.0851053],[-73.3953417,79.1090214],[-73.4490175,79.1354869],[-72.3721983,79.3878733],[-71.5038997,79.5047411],[-71.1931464,79.5152192],[-70.9204658,79.5399531],[-70.2221564,79.6553978],[-70.0785167,79.6945456],[-69.9628383,79.7385206],[-69.8153436,79.8072339],[-68.7128799,80.1831693],[-68.3351215,80.4158037],[-67.1205487,80.74915],[-66.4508593,80.8209314],[-66.4630366,80.8257149],[-66.4500972,80.8328942],[-66.2686821,80.8338786],[-64.1856085,81.2997333],[-63.2537803,81.5734519],[-62.1623333,81.8676111],[-61.0918122,82.0457156],[-59.9949722,82.2176111],[-59.8879722,82.2503889],[-59.6263356,82.2996308],[-59.6141194,82.3204922],[-59.6164575,82.3620117],[-59.628835,82.3827772],[-59.6516947,82.3998725],[-59.8233933,82.4827267],[-59.9134319,82.5116564],[-60.0746661,82.5490283],[-61.6035975,82.8347883],[-62.2740522,82.9507572],[-62.5417125,82.9846208],[-64.2746078,83.0951367],[-66.2237128,83.1425961],[-69.2144275,83.3028936],[-69.7275836,83.3111878],[-71.4855353,83.2997533],[-74.0642222,83.3361061],[-75.0464356,83.3240311],[-77.3635267,83.2806197],[-80.6534531,83.12398],[-84.3619872,82.8260789],[-86.7305108,82.6158147],[-87.0684089,82.5668603],[-87.9621653,82.3562],[-88.7779539,82.2768689],[-91.2054022,82.1249656],[-91.5903506,82.0871953],[-92.7693917,81.8605494],[-94.4665256,81.6037978],[-95.3032606,81.4683575],[-95.4558961,81.4357172],[-96.201415,81.1634222],[-97.2698367,80.7419414],[-97.3287075,80.7057064],[-97.4378761,80.5796344],[-97.5493894,80.5137817],[-99.7443375,80.3718636],[-100.409158,80.3154364],[-101.890055,80.1369278],[-103.340605,79.9491058],[-104.757249,79.7523933],[-106.145572,79.5459017],[-108.107042,79.3442997],[-110.0027326,79.1299817],[-110.0016874,70.0004973],[-112.5019148,70.0004697],[-112.5019185,69.8983975],[-112.4830913,69.8924915],[-112.4887057,69.8871823],[-112.4516344,69.8906472],[-112.4592304,69.8968359],[-112.440101,69.901789],[-112.4340322,69.8940873],[-112.4182737,69.8982658],[-112.4279452,69.9008919],[-112.3986554,69.8973522],[-112.3644734,69.9059792],[-112.3380074,69.9026361],[-112.3190877,69.8959528],[-112.3487658,69.9016619],[-112.3905659,69.8930816],[-112.3595791,69.887281],[-112.3796439,69.8842426],[-112.3733032,69.8822168],[-112.3383376,69.8796646],[-112.3682285,69.8764187],[-112.3684001,69.8680084],[-112.4146549,69.8677265],[-112.4284345,69.8627604],[-112.4104751,69.8540244],[-112.4351476,69.8482039],[-112.4514842,69.8567722],[-112.4797225,69.8518651],[-112.4708158,69.8634445],[-112.4580172,69.8643792],[-112.4630066,69.8587139],[-112.4480493,69.8660413],[-112.4541752,69.8685592],[-112.5042361,69.8540776],[-112.4807102,69.8681478],[-112.4764185,69.8755295],[-112.4830485,69.8769502],[-112.4965877,69.8735811],[-112.4924916,69.8700961],[-112.5006008,69.8636432],[-112.5118148,69.8657497],[-112.5160289,69.8510964],[-112.543602,69.8494998],[-112.5552207,69.8567094],[-112.5609613,69.8506751],[-112.5544259,69.8482],[-112.5779375,69.8495399],[-112.5776523,69.8551176],[-112.5854341,69.8515412],[-112.5801659,69.8479918],[-112.5973919,69.8556807],[-112.6067734,69.8499655],[-112.6151786,69.8543673],[-112.5943709,69.8643671],[-112.6033646,69.8673932],[-112.5887295,69.8788248],[-112.6160454,69.8616229],[-112.6232743,69.8657853],[-112.6084426,69.8794453],[-112.6285315,69.8683924],[-112.6393891,69.8770904],[-112.6258493,69.8726976],[-112.6280358,69.8817199],[-112.640603,69.8782436],[-112.6513195,69.8685032],[-112.6369954,69.862834],[-112.6419678,69.8714221],[-112.6371104,69.8718128],[-112.6294191,69.8645489],[-112.6444745,69.8564027],[-112.6369881,69.8506484],[-112.6519251,69.8525829],[-112.6519274,69.833844],[-112.8852822,69.8338425],[-112.8852879,70.000467],[-117.1169164,70.0004251],[-117.1465907,69.8893186],[-116.6325788,69.6321212],[-116.7268194,69.6406065],[-116.7543833,69.6338015],[-116.7706404,69.6416207],[-116.7879566,69.6334393],[-116.8088293,69.6384667],[-118.4,69.6143729],[-120.680556,69.5563022],[-120.6828104,68.0002875]],[[-79.0405498,51.7207372],[-79.0413545,51.7252034],[-79.0388547,51.724047],[-79.0405498,51.7207372]],[[-79.0143447,51.7018947],[-79.0144141,51.7035715],[-79.0132462,51.703464],[-79.0143447,51.7018947]],[[-79.0125294,51.7046535],[-79.0133272,51.7075125],[-79.0115581,51.7068604],[-79.0125294,51.7046535]],[[-79.0061721,51.7132056],[-79.004635,51.7159185],[-79.0032946,51.714933],[-79.0061721,51.7132056]],[[-78.994001,51.6945981],[-78.9936257,51.7018537],[-78.9860121,51.7002919],[-78.994001,51.6945981]],[[-78.9476681,51.3029306],[-78.9422179,51.3181412],[-78.9352656,51.3179266],[-78.9347077,51.2850042],[-78.9476681,51.3029306]],[[-78.9321328,51.2990668],[-78.9245797,51.2994962],[-78.922391,51.2852189],[-78.9271975,51.2865878],[-78.9321328,51.2990668]],[[-78.9116621,51.3118376],[-78.906169,51.3320864],[-78.883381,51.3349555],[-78.8918782,51.314842],[-78.9049245,51.3073307],[-78.9116621,51.3118376]],[[-78.8916905,51.9462874],[-78.8913257,51.9473521],[-78.8911219,51.9472595],[-78.8916905,51.9462874]],[[-78.8898237,51.9473256],[-78.8892229,51.9481721],[-78.8884182,51.9483573],[-78.8898237,51.9473256]],[[-78.8857551,51.9488955],[-78.8856824,51.9496203],[-78.884352,51.9482977],[-78.8857551,51.9488955]],[[-78.8871203,51.9429073],[-78.87048,51.9530201],[-78.8615,51.94132],[-78.88706,51.93563],[-78.8810999,51.9434701],[-78.8871203,51.9429073]],[[-78.8792099,51.95266],[-78.88402,51.95634],[-78.87946,51.9562601],[-78.8792099,51.95266]],[[-78.87958,51.92742],[-78.8786301,51.92984],[-78.8769349,51.9293868],[-78.87958,51.92742]],[[-78.8811199,52.7609799],[-78.8774399,52.7670601],[-78.84657,52.76779],[-78.87003,52.7545001],[-78.8811199,52.7609799]],[[-78.8798983,52.8179594],[-78.8751748,52.8212486],[-78.8726544,52.8193726],[-78.8798983,52.8179594]],[[-78.87305,52.77044],[-78.8746599,52.77214],[-78.87168,52.7726],[-78.87305,52.77044]],[[-78.875871,52.8143523],[-78.8702198,52.8156769],[-78.8700412,52.8167024],[-78.8694814,52.8171536],[-78.875871,52.8143523]],[[-78.871491,52.8545194],[-78.8718899,52.85486],[-78.8710379,52.8548549],[-78.871491,52.8545194]],[[-78.8693639,52.7367079],[-78.8695999,52.738059],[-78.8687846,52.7369028],[-78.8693639,52.7367079]],[[-78.8650999,52.75159],[-78.8610701,52.7563901],[-78.8560701,52.75489],[-78.8650999,52.75159]],[[-78.8638708,52.7271576],[-78.857176,52.7298735],[-78.8556095,52.7290028],[-78.8638708,52.7271576]],[[-78.8649,52.85063],[-78.8641976,52.8528709],[-78.8632835,52.8508296],[-78.8649,52.85063]],[[-78.8665,52.8181199],[-78.8633306,52.8225721],[-78.8594894,52.8215122],[-78.859976,52.8204346],[-78.8665,52.8181199]],[[-78.863636,52.8559662],[-78.8638359,52.8566628],[-78.8633401,52.8563665],[-78.863636,52.8559662]],[[-78.8629206,52.8572556],[-78.8639315,52.8578678],[-78.8611426,52.8567934],[-78.8628341,52.8563653],[-78.8629206,52.8572556]],[[-78.8607401,52.7759899],[-78.8616,52.7799701],[-78.8595,52.77981],[-78.8607401,52.7759899]],[[-78.8598,51.94232],[-78.8550701,51.9456901],[-78.8534199,51.94553],[-78.8598,51.94232]],[[-78.8589569,52.7246755],[-78.8597938,52.7269757],[-78.8569399,52.7262739],[-78.8589569,52.7246755]],[[-78.8544495,52.73052],[-78.8537699,52.7330699],[-78.8508501,52.73223],[-78.8544495,52.73052]],[[-78.8462869,51.9649752],[-78.8548799,51.96709],[-78.84647,51.9694999],[-78.8462869,51.9649752]],[[-78.8525444,52.724772],[-78.854433,52.7272251],[-78.8465822,52.726849],[-78.8525444,52.724772]],[[-78.85437,52.77227],[-78.8504101,52.7755399],[-78.84445,52.77646],[-78.8449699,52.7744199],[-78.85437,52.77227]],[[-78.8535282,52.72873],[-78.8542363,52.7289509],[-78.8535282,52.7289639],[-78.8535282,52.72873]],[[-78.8532214,52.8136296],[-78.8376475,52.8222856],[-78.8160412,52.8183396],[-78.8461392,52.8108589],[-78.8406612,52.8155698],[-78.8532214,52.8136296]],[[-78.8435429,52.8473937],[-78.8421233,52.8561739],[-78.8390152,52.8496712],[-78.8435429,52.8473937]],[[-78.8458006,52.8042833],[-78.8435549,52.806428],[-78.8430434,52.8060282],[-78.8410132,52.8064815],[-78.8458006,52.8042833]],[[-78.8420556,52.8068345],[-78.8413697,52.8071852],[-78.8419682,52.8064484],[-78.8420556,52.8068345]],[[-78.8398985,52.71449],[-78.8390429,52.715789],[-78.8388865,52.7152299],[-78.8398985,52.71449]],[[-78.8377673,52.7185247],[-78.8367811,52.7202444],[-78.83532,52.71898],[-78.8377673,52.7185247]],[[-78.8253416,51.5898901],[-78.8317358,51.598105],[-78.815662,51.5959601],[-78.8253416,51.5898901]],[[-78.8236299,52.6728099],[-78.825237,52.6751174],[-78.8190699,52.67554],[-78.8236299,52.6728099]],[[-78.8248958,52.7242685],[-78.825402,52.7248339],[-78.8245815,52.7255323],[-78.8248958,52.7242685]],[[-78.81831,52.6399099],[-78.8156299,52.64293],[-78.8144099,52.6421399],[-78.81831,52.6399099]],[[-78.8070135,52.7232142],[-78.8084829,52.7244305],[-78.8055768,52.7256566],[-78.8070135,52.7232142]],[[-78.8048421,52.7262795],[-78.8039604,52.7278912],[-78.8021972,52.7285042],[-78.8048421,52.7262795]],[[-78.8009733,52.8512467],[-78.8036261,52.8530508],[-78.8005246,52.8529784],[-78.8009733,52.8512467]],[[-78.7921475,52.8466804],[-78.7981517,52.8487583],[-78.7862766,52.8511602],[-78.7921475,52.8466804]],[[-78.7981926,52.6573209],[-78.7980039,52.6603217],[-78.7965663,52.6608322],[-78.7981926,52.6573209]],[[-78.7988049,52.8203687],[-78.7973443,52.8227337],[-78.7953703,52.8215201],[-78.7988049,52.8203687]],[[-78.7951441,52.7285339],[-78.7964665,52.72975],[-78.7950624,52.729928],[-78.7951441,52.7285339]],[[-78.7943999,52.62972],[-78.78875,52.63307],[-78.7799299,52.6284301],[-78.787,52.6259999],[-78.7943999,52.62972]],[[-78.78918,52.65782],[-78.7942699,52.6571399],[-78.7895801,52.6583401],[-78.78918,52.65782]],[[-78.7916586,52.709553],[-78.7921176,52.7113099],[-78.7883812,52.7112814],[-78.7916586,52.709553]],[[-78.7927789,52.8206389],[-78.7925029,52.8210037],[-78.7919402,52.820564],[-78.7927789,52.8206389]],[[-78.7894379,52.8188673],[-78.7914828,52.8193647],[-78.7890069,52.819853],[-78.7894379,52.8188673]],[[-78.7901307,52.7859172],[-78.7915901,52.78548],[-78.7897289,52.7868166],[-78.7901307,52.7859172]],[[-78.7841401,52.6574699],[-78.7874701,52.6583],[-78.78412,52.65797],[-78.7841401,52.6574699]],[[-78.7824325,52.8461011],[-78.7844556,52.8500005],[-78.7817816,52.8471111],[-78.7824325,52.8461011]],[[-78.7829,52.65283],[-78.78596,52.65494],[-78.7829499,52.65616],[-78.7829,52.65283]],[[-78.7844999,52.6673401],[-78.7766801,52.6716801],[-78.76697,52.6720101],[-78.7844999,52.6673401]],[[-78.7846513,52.7814866],[-78.7769319,52.7856033],[-78.7752296,52.7854659],[-78.7768118,52.7836045],[-78.7846513,52.7814866]],[[-78.78345,52.82915],[-78.78463,52.83097],[-78.78208,52.83117],[-78.78345,52.82915]],[[-78.7798313,52.7101184],[-78.7801301,52.71198],[-78.7787953,52.7126623],[-78.7798313,52.7101184]],[[-78.7745895,52.5965084],[-78.7761916,52.5987491],[-78.772424,52.599935],[-78.7745895,52.5965084]],[[-78.7714999,52.8312299],[-78.7755999,52.83362],[-78.76622,52.8352299],[-78.7714999,52.8312299]],[[-78.7721459,52.5739501],[-78.767527,52.5828168],[-78.745169,52.5846935],[-78.7721459,52.5739501]],[[-78.77131,52.5866201],[-78.77031,52.58981],[-78.7690499,52.58979],[-78.77131,52.5866201]],[[-78.7709926,52.6006163],[-78.7718805,52.601437],[-78.7705431,52.6016526],[-78.7709926,52.6006163]],[[-78.77119,52.59725],[-78.7713306,52.5987004],[-78.7694755,52.5990419],[-78.77119,52.59725]],[[-78.76865,52.60592],[-78.7696999,52.61004],[-78.7634701,52.60839],[-78.76865,52.60592]],[[-78.7706422,52.596577],[-78.7630638,52.6013821],[-78.7588348,52.6009365],[-78.7601517,52.5986379],[-78.7706422,52.596577]],[[-78.7658071,52.5900788],[-78.768882,52.5938355],[-78.7631818,52.5925714],[-78.7658071,52.5900788]],[[-78.7655007,52.5607349],[-78.76617,52.56359],[-78.7657457,52.5637149],[-78.7655007,52.5607349]],[[-78.7646568,52.8295174],[-78.7637643,52.8317396],[-78.7631473,52.8315041],[-78.7646568,52.8295174]],[[-78.7599577,52.568682],[-78.7647236,52.5696352],[-78.7597598,52.5718422],[-78.7599577,52.568682]],[[-78.7607801,52.58681],[-78.76074,52.58758],[-78.7537801,52.5879601],[-78.7607801,52.58681]],[[-78.759094,52.5771918],[-78.7603104,52.5772332],[-78.7588722,52.578787],[-78.759094,52.5771918]],[[-78.7575968,52.6137116],[-78.7576173,52.6161814],[-78.7538193,52.615306],[-78.7575968,52.6137116]],[[-78.7525605,52.7895219],[-78.7501974,52.7937018],[-78.7463572,52.7924553],[-78.7525605,52.7895219]],[[-78.7502401,52.6118501],[-78.7513,52.61585],[-78.7483599,52.6157899],[-78.7502401,52.6118501]],[[-78.7523801,52.6058592],[-78.7468901,52.6115201],[-78.7374551,52.6101827],[-78.7445008,52.6045613],[-78.7523801,52.6058592]],[[-78.7495,52.5935201],[-78.74464,52.59804],[-78.7383201,52.59817],[-78.74443,52.5938],[-78.7495,52.5935201]],[[-78.7422937,52.5808774],[-78.7429669,52.5834922],[-78.738351,52.5852816],[-78.7422937,52.5808774]],[[-78.74219,52.5352],[-78.7365899,52.54202],[-78.73026,52.5424099],[-78.73082,52.5395901],[-78.74219,52.5352]],[[-78.7319651,52.0042944],[-78.7317184,52.0053115],[-78.7302163,52.0053115],[-78.7319651,52.0042944]],[[-78.7340462,52.0061316],[-78.73366,52.0086677],[-78.7319112,52.0067921],[-78.7340462,52.0061316]],[[-78.73104,52.5841999],[-78.7331299,52.58449],[-78.73142,52.5849701],[-78.73104,52.5841999]],[[-78.72408,51.9937201],[-78.72148,51.9958499],[-78.72114,51.9942999],[-78.72408,51.9937201]],[[-78.7050523,52.0147577],[-78.706962,52.0166197],[-78.7049021,52.0171216],[-78.7050523,52.0147577]],[[-78.6952462,52.0147577],[-78.6995377,52.018178],[-78.6946883,52.0186666],[-78.6952462,52.0147577]],[[-78.6846614,52.0514151],[-78.6850798,52.0533482],[-78.6823762,52.052695],[-78.6846614,52.0514151]],[[-78.6315308,52.0913002],[-78.6198793,52.0976543],[-78.6170255,52.0916958],[-78.6130129,52.0909179],[-78.6315308,52.0913002]],[[-78.6153947,52.0930141],[-78.6153947,52.0937523],[-78.6150514,52.09337],[-78.6153947,52.0930141]],[[-78.5832501,52.2415699],[-78.5811925,52.2454868],[-78.5731351,52.2441139],[-78.5832501,52.2415699]],[[-78.58364,52.4184101],[-78.57442,52.4298799],[-78.5775,52.4386601],[-78.5659199,52.44329],[-78.5592599,52.4311099],[-78.58364,52.4184101]],[[-78.5824371,52.3962785],[-78.54986,52.4002901],[-78.534286,52.404304],[-78.5557437,52.3963571],[-78.5824371,52.3962785]],[[-78.5660005,52.2436737],[-78.5701399,52.2445],[-78.56596,52.2446699],[-78.5660005,52.2436737]],[[-78.5605667,52.292904],[-78.5625509,52.293286],[-78.559988,52.2944995],[-78.5605667,52.292904]],[[-78.5490962,52.2501005],[-78.5518857,52.249667],[-78.547916,52.2509281],[-78.5490962,52.2501005]],[[-78.5416075,52.250048],[-78.5444399,52.2497196],[-78.5407706,52.250823],[-78.5416075,52.250048]],[[-78.5423863,52.3840148],[-78.5431299,52.38555],[-78.5400581,52.3853311],[-78.5423863,52.3840148]],[[-78.5273123,52.3968284],[-78.5317755,52.3994339],[-78.5212612,52.4000623],[-78.5273123,52.3968284]],[[-78.5294401,52.4057599],[-78.5302499,52.407864],[-78.5276127,52.4073803],[-78.5294401,52.4057599]],[[-78.5227311,52.4530411],[-78.5234392,52.4555256],[-78.5195768,52.4535184],[-78.5227311,52.4530411]],[[-77.2027964,55.6603337],[-77.1949582,55.6633346],[-77.1884977,55.6606721],[-77.1937922,55.6589566],[-77.2027964,55.6603337]]]}}]}